{
  "layout": [
    [
      9.0072,
      15.6792
    ],
    [
      7.005599999999999,
      27.688799999999997
    ],
    [
      11.008799999999999,
      22.6848
    ],
    [
      10.3416,
      20.016
    ],
    [
      9.0072,
      12.3432
    ],
    [
      7.005599999999999,
      25.687199999999997
    ],
    [
      16.3464,
      17.347199999999997
    ],
    [
      4.6704,
      12.009599999999999
    ],
    [
      7.3392,
      24.3528
    ],
    [
      14.3448,
      12.3432
    ]
  ],
  "scores": {
    "distance": 0.1668,
    "neg_visibility": -3.0169950000000023,
    "congestion_proxy": 0.1657981002649386
  },
  "meters_per_pixel": 0.0556
}