# Blender 4.5.4 LTS
# www.blender.org
mtllib recepeteur- Copie4.mtl
o connecteurF
v 0.126700 0.643435 0.101982
v 0.123062 0.644124 0.100711
v 0.123765 0.644036 0.098995
v 0.127536 0.643321 0.100313
v 0.131194 0.642622 0.101860
v 0.134718 0.641942 0.103628
v 0.138093 0.641284 0.105609
v 0.141302 0.640652 0.107792
v 0.144330 0.640048 0.110168
v 0.147161 0.639476 0.112724
v 0.149781 0.638938 0.115448
v 0.152179 0.638438 0.118328
v 0.154342 0.637976 0.121348
v 0.156260 0.637556 0.124494
v 0.157923 0.637180 0.127751
v 0.159324 0.636849 0.131103
v 0.160455 0.636565 0.134534
v 0.161311 0.636330 0.138026
v 0.161888 0.636144 0.141564
v 0.162183 0.636009 0.145129
v 0.162194 0.635925 0.148704
v 0.161922 0.635893 0.152272
v 0.161368 0.635913 0.155816
v 0.160535 0.635984 0.159318
v 0.159426 0.636106 0.162761
v 0.158047 0.636279 0.166129
v 0.156405 0.636503 0.169404
v 0.154507 0.636774 0.172571
v 0.152364 0.637094 0.175616
v 0.149985 0.637459 0.178521
v 0.147382 0.637868 0.181275
v 0.144568 0.638320 0.183862
v 0.141556 0.638811 0.186271
v 0.138361 0.639340 0.188490
v 0.134999 0.639904 0.190509
v 0.131486 0.640500 0.192316
v 0.127839 0.641125 0.193903
v 0.124076 0.641777 0.195264
v 0.120215 0.642452 0.196390
v 0.116275 0.643146 0.197277
v 0.112275 0.643857 0.197920
v 0.108236 0.644581 0.198316
v 0.104175 0.645315 0.198464
v 0.100114 0.646054 0.198361
v 0.096072 0.646795 0.198010
v 0.092068 0.647536 0.197411
v 0.088123 0.648271 0.196568
v 0.084255 0.648997 0.195485
v 0.080483 0.649712 0.194167
v 0.076826 0.650411 0.192620
v 0.073301 0.651091 0.190851
v 0.069926 0.651749 0.188871
v 0.066717 0.652381 0.186687
v 0.063690 0.652984 0.184312
v 0.060859 0.653557 0.181756
v 0.058238 0.654094 0.179031
v 0.055841 0.654595 0.176152
v 0.053678 0.655057 0.173132
v 0.051760 0.655477 0.169986
v 0.050097 0.655853 0.166729
v 0.048696 0.656184 0.163377
v 0.047565 0.656468 0.159946
v 0.046709 0.656703 0.156453
v 0.046132 0.656888 0.152916
v 0.045837 0.657024 0.149351
v 0.045825 0.657107 0.145776
v 0.046097 0.657140 0.142207
v 0.046651 0.657120 0.138664
v 0.047485 0.657049 0.135162
v 0.048594 0.656927 0.131719
v 0.049973 0.656753 0.128351
v 0.051615 0.656530 0.125076
v 0.053512 0.656259 0.121908
v 0.055656 0.655939 0.118864
v 0.058035 0.655574 0.115958
v 0.060638 0.655165 0.113205
v 0.063452 0.654713 0.110617
v 0.066464 0.654222 0.108208
v 0.069659 0.653693 0.105989
v 0.073021 0.653129 0.103971
v 0.076534 0.652533 0.102164
v 0.080181 0.651908 0.100576
v 0.083944 0.651256 0.099216
v 0.087805 0.650581 0.098090
v 0.091745 0.649886 0.097203
v 0.093744 0.649531 0.096881
v 0.095744 0.649175 0.096560
v 0.099784 0.648452 0.096163
v 0.130227 0.642761 0.103474
v 0.133626 0.642105 0.105179
v 0.103844 0.647718 0.096016
v 0.107906 0.646979 0.096118
v 0.107767 0.646962 0.097937
v 0.103850 0.647675 0.097838
v 0.136881 0.641470 0.107090
v 0.099934 0.648383 0.097980
v 0.139976 0.640861 0.109195
v 0.096038 0.649081 0.098362
v 0.094110 0.649424 0.098672
v 0.092181 0.649767 0.098983
v 0.142896 0.640278 0.111486
v 0.145626 0.639727 0.113952
v 0.088381 0.650436 0.099838
v 0.084658 0.651087 0.100924
v 0.148153 0.639208 0.116579
v 0.150466 0.638725 0.119356
v 0.081029 0.651716 0.102236
v 0.152552 0.638280 0.122269
v 0.077511 0.652319 0.103767
v 0.074123 0.652894 0.105510
v 0.154401 0.637875 0.125303
v 0.156005 0.637512 0.128444
v 0.070881 0.653438 0.107456
v 0.067799 0.653948 0.109597
v 0.157356 0.637193 0.131677
v 0.064895 0.654422 0.111920
v 0.158447 0.636919 0.134986
v 0.159273 0.636692 0.138354
v 0.062180 0.654857 0.114416
v 0.059670 0.655252 0.117071
v 0.159829 0.636513 0.141766
v 0.160113 0.636383 0.145204
v 0.057376 0.655604 0.119873
v 0.160125 0.636302 0.148652
v 0.055308 0.655912 0.122809
v 0.053479 0.656174 0.125864
v 0.159862 0.636271 0.152093
v 0.159328 0.636290 0.155511
v 0.051895 0.656389 0.129023
v 0.050565 0.656556 0.132271
v 0.158524 0.636358 0.158888
v 0.049496 0.656674 0.135591
v 0.157455 0.636477 0.162209
v 0.156125 0.636644 0.165457
v 0.048692 0.656743 0.138969
v 0.048157 0.656762 0.142386
v 0.154541 0.636859 0.168616
v 0.152711 0.637121 0.171670
v 0.047895 0.656731 0.145828
v 0.150644 0.637429 0.174606
v 0.047906 0.656650 0.149276
v 0.048191 0.656520 0.152714
v 0.148350 0.637781 0.177409
v 0.145839 0.638176 0.180064
v 0.048747 0.656341 0.156126
v 0.049573 0.656114 0.159494
v 0.143125 0.638611 0.182560
v 0.050664 0.655840 0.162803
v 0.140220 0.639085 0.184883
v 0.137139 0.639595 0.187023
v 0.052014 0.655521 0.166035
v 0.053618 0.655158 0.169177
v 0.133897 0.640139 0.188969
v 0.130508 0.640714 0.190712
v 0.055468 0.654753 0.172211
v 0.126991 0.641317 0.192244
v 0.057554 0.654308 0.175124
v 0.059866 0.653825 0.177900
v 0.123362 0.641946 0.193555
v 0.119638 0.642596 0.194642
v 0.062394 0.653306 0.180528
v 0.065124 0.652754 0.182993
v 0.115839 0.643266 0.195497
v 0.068044 0.652172 0.185284
v 0.111981 0.643952 0.196117
v 0.108085 0.644650 0.196499
v 0.071139 0.651563 0.187390
v 0.074394 0.650928 0.189300
v 0.104169 0.645357 0.196641
v 0.100253 0.646070 0.196543
v 0.077793 0.650272 0.191005
v 0.096354 0.646786 0.196204
v 0.081320 0.649598 0.192497
v 0.084958 0.648909 0.193769
v 0.092493 0.647499 0.195627
v 0.088688 0.648208 0.194814
v 0.111948 0.646237 0.096470
v 0.115951 0.645497 0.097068
v 0.119897 0.644762 0.097911
v 0.119332 0.644825 0.099666
v 0.111665 0.646247 0.098275
v 0.115527 0.645534 0.098853
v 0.092968 0.652345 0.197533
v 0.096971 0.651605 0.198131
v 0.099910 0.659392 0.195336
v 0.096785 0.659980 0.194793
v 0.089022 0.653080 0.196690
v 0.093707 0.660565 0.194021
v 0.085155 0.653807 0.195606
v 0.090691 0.661144 0.193022
v 0.081383 0.654522 0.194288
v 0.087751 0.661715 0.191803
v 0.077726 0.655221 0.192741
v 0.084902 0.662273 0.190368
v 0.074201 0.655900 0.190973
v 0.082157 0.662818 0.188726
v 0.070826 0.656558 0.188992
v 0.079531 0.663346 0.186883
v 0.067617 0.657190 0.186809
v 0.077035 0.663854 0.184850
v 0.064590 0.657794 0.184433
v 0.074682 0.664340 0.182635
v 0.061759 0.658366 0.181877
v 0.072484 0.664802 0.180250
v 0.059138 0.658904 0.179152
v 0.070451 0.665237 0.177706
v 0.056740 0.659405 0.176273
v 0.068593 0.665643 0.175016
v 0.054577 0.659867 0.173253
v 0.066919 0.666019 0.172192
v 0.052660 0.660286 0.170107
v 0.065437 0.666363 0.169249
v 0.050996 0.660663 0.166850
v 0.064155 0.666672 0.166201
v 0.049596 0.660994 0.163498
v 0.063078 0.666945 0.163063
v 0.048465 0.661277 0.160067
v 0.062213 0.667182 0.159849
v 0.047609 0.661512 0.156575
v 0.061562 0.667380 0.156577
v 0.047032 0.661698 0.153037
v 0.061130 0.667540 0.153260
v 0.046737 0.661833 0.149472
v 0.060918 0.667659 0.149917
v 0.046725 0.661917 0.145897
v 0.060928 0.667738 0.146562
v 0.046997 0.661949 0.142328
v 0.061160 0.667776 0.143213
v 0.047551 0.661930 0.138785
v 0.061611 0.667772 0.139886
v 0.048385 0.661859 0.135283
v 0.062281 0.667728 0.136596
v 0.049494 0.661736 0.131840
v 0.063166 0.667643 0.133361
v 0.050872 0.661563 0.128472
v 0.064261 0.667518 0.130195
v 0.052515 0.661340 0.125197
v 0.065561 0.667352 0.127114
v 0.054412 0.661068 0.122029
v 0.067060 0.667148 0.124134
v 0.056555 0.660749 0.118985
v 0.068751 0.666906 0.121267
v 0.058934 0.660384 0.116080
v 0.070625 0.666627 0.118530
v 0.061537 0.659974 0.113326
v 0.072674 0.666312 0.115935
v 0.064352 0.659523 0.110739
v 0.074886 0.665964 0.113494
v 0.067364 0.659032 0.108329
v 0.077252 0.665583 0.111219
v 0.070558 0.658503 0.106110
v 0.079760 0.665172 0.109123
v 0.073920 0.657939 0.104092
v 0.082398 0.664733 0.107214
v 0.077434 0.657343 0.102285
v 0.085152 0.664267 0.105502
v 0.081081 0.656717 0.100697
v 0.088010 0.663777 0.103995
v 0.084844 0.656065 0.099337
v 0.090957 0.663266 0.102701
v 0.088705 0.655391 0.098211
v 0.093980 0.662736 0.101626
v 0.092644 0.654696 0.097324
v 0.097062 0.662189 0.100776
v 0.094644 0.654341 0.097002
v 0.098627 0.661908 0.100465
v 0.100684 0.653261 0.096285
v 0.096644 0.653985 0.096681
v 0.100191 0.661628 0.100154
v 0.103349 0.661056 0.099763
v 0.104744 0.652528 0.096137
v 0.106522 0.660476 0.099606
v 0.108805 0.651788 0.096239
v 0.109695 0.659891 0.099683
v 0.112848 0.651047 0.096591
v 0.112851 0.659302 0.099994
v 0.116851 0.650307 0.097189
v 0.115976 0.658714 0.100537
v 0.120796 0.649572 0.098032
v 0.119054 0.658129 0.101309
v 0.124664 0.648845 0.099116
v 0.122071 0.657550 0.102308
v 0.128436 0.648131 0.100434
v 0.125010 0.656980 0.103527
v 0.132093 0.647432 0.101981
v 0.127860 0.656421 0.104962
v 0.135618 0.646752 0.103749
v 0.130604 0.655877 0.106604
v 0.138993 0.646094 0.105730
v 0.133231 0.655349 0.108447
v 0.142202 0.645462 0.107913
v 0.135726 0.654841 0.110480
v 0.145229 0.644858 0.110289
v 0.138079 0.654355 0.112695
v 0.148060 0.644286 0.112845
v 0.140277 0.653893 0.115080
v 0.150681 0.643748 0.115570
v 0.142310 0.653458 0.117624
v 0.153079 0.643247 0.118449
v 0.144168 0.653051 0.120314
v 0.155242 0.642786 0.121469
v 0.145842 0.652675 0.123138
v 0.157159 0.642366 0.124615
v 0.147324 0.652332 0.126081
v 0.158823 0.641989 0.127872
v 0.148606 0.652023 0.129129
v 0.160223 0.641659 0.131224
v 0.149683 0.651749 0.132267
v 0.161354 0.641375 0.134655
v 0.150549 0.651513 0.135481
v 0.162210 0.641140 0.138147
v 0.151199 0.651314 0.138753
v 0.162787 0.640954 0.141685
v 0.151631 0.651155 0.142070
v 0.163082 0.640819 0.145250
v 0.151843 0.651036 0.145413
v 0.163094 0.640735 0.148825
v 0.151833 0.650957 0.148768
v 0.162822 0.640703 0.152394
v 0.151601 0.650919 0.152117
v 0.162268 0.640722 0.155937
v 0.151150 0.650922 0.155444
v 0.161434 0.640793 0.159439
v 0.150480 0.650966 0.158734
v 0.160325 0.640916 0.162882
v 0.149595 0.651051 0.161969
v 0.158947 0.641089 0.166250
v 0.148500 0.651177 0.165135
v 0.157304 0.641312 0.169525
v 0.147200 0.651342 0.168216
v 0.155407 0.641584 0.172693
v 0.145701 0.651546 0.171196
v 0.153264 0.641903 0.175737
v 0.144010 0.651789 0.174063
v 0.150885 0.642268 0.178642
v 0.142136 0.652068 0.176800
v 0.148282 0.642678 0.181396
v 0.140088 0.652382 0.179395
v 0.145467 0.643129 0.183983
v 0.137875 0.652731 0.181836
v 0.142455 0.643621 0.186393
v 0.135509 0.653111 0.184111
v 0.139261 0.644149 0.188612
v 0.133001 0.653522 0.186207
v 0.135898 0.644713 0.190630
v 0.130364 0.653962 0.188116
v 0.132385 0.645310 0.192437
v 0.127609 0.654428 0.189828
v 0.128738 0.645935 0.194025
v 0.124751 0.654917 0.191335
v 0.124975 0.646587 0.195385
v 0.121804 0.655429 0.192629
v 0.121114 0.647261 0.196511
v 0.118782 0.655959 0.193704
v 0.117175 0.647956 0.197398
v 0.115699 0.656506 0.194554
v 0.113175 0.648667 0.198041
v 0.112570 0.657066 0.195176
v 0.109135 0.649391 0.198437
v 0.109412 0.657638 0.195567
v 0.105075 0.650124 0.198585
v 0.106239 0.658218 0.195724
v 0.101014 0.650864 0.198482
v 0.103066 0.658804 0.195647
v 0.102767 0.659810 0.156088
v 0.102733 0.659816 0.156083
v 0.096071 0.660829 0.164926
v 0.096726 0.660716 0.164620
v 0.102461 0.659812 0.158341
v 0.097412 0.660597 0.164351
v 0.107144 0.658990 0.156683
v 0.107071 0.659004 0.156673
v 0.106765 0.659006 0.158926
v 0.098125 0.660471 0.164121
v 0.098860 0.660340 0.163931
v 0.099613 0.660205 0.163783
v 0.100382 0.660066 0.163676
v 0.101163 0.659924 0.163612
v 0.101951 0.659780 0.163591
v 0.102744 0.659633 0.163613
v 0.103536 0.659486 0.163678
v 0.104325 0.659338 0.163785
v 0.105106 0.659191 0.163934
v 0.105875 0.659045 0.164125
v 0.106629 0.658900 0.164355
v 0.107364 0.658759 0.164625
v 0.108077 0.658620 0.164933
v 0.107453 0.658988 0.154412
v 0.108764 0.658485 0.165277
v 0.109212 0.658976 0.141447
v 0.109422 0.658355 0.165656
v 0.109753 0.658985 0.136915
v 0.109447 0.658987 0.139167
v 0.109521 0.658974 0.139177
v 0.110047 0.658230 0.166068
v 0.110637 0.658111 0.166511
v 0.105109 0.659800 0.138577
v 0.105143 0.659793 0.138582
v 0.105449 0.659791 0.136330
v 0.111188 0.657998 0.166982
v 0.102306 0.660539 0.129270
v 0.111698 0.657893 0.167480
v 0.102810 0.660438 0.129602
v 0.112165 0.657794 0.168001
v 0.112585 0.657704 0.168545
v 0.103468 0.660308 0.129981
v 0.104155 0.660174 0.130325
v 0.112958 0.657622 0.169107
v 0.113281 0.657548 0.169685
v 0.104868 0.660035 0.130633
v 0.105603 0.659893 0.130903
v 0.113553 0.657484 0.170276
v 0.113772 0.657429 0.170877
v 0.106357 0.659749 0.131134
v 0.107127 0.659603 0.131324
v 0.113938 0.657384 0.171486
v 0.114049 0.657349 0.172100
v 0.107907 0.659455 0.131473
v 0.108696 0.659308 0.131580
v 0.109488 0.659160 0.131645
v 0.110281 0.659014 0.131667
v 0.111069 0.658870 0.131646
v 0.114105 0.657324 0.172715
v 0.111850 0.658727 0.131582
v 0.112619 0.658588 0.131475
v 0.113373 0.658453 0.131327
v 0.114107 0.658323 0.131137
v 0.114820 0.658197 0.130907
v 0.114105 0.657309 0.173328
v 0.115506 0.658077 0.130638
v 0.116163 0.657964 0.130331
v 0.116787 0.657857 0.129987
v 0.117376 0.657758 0.129609
v 0.117926 0.657667 0.129198
v 0.118435 0.657584 0.128756
v 0.118901 0.657509 0.128285
v 0.114051 0.657304 0.173937
v 0.119320 0.657444 0.127788
v 0.119692 0.657388 0.127266
v 0.120014 0.657342 0.126724
v 0.120284 0.657306 0.126162
v 0.120502 0.657279 0.125584
v 0.120666 0.657263 0.124993
v 0.120776 0.657258 0.124392
v 0.099120 0.661380 0.118692
v 0.099266 0.661359 0.118446
v 0.091437 0.661534 0.171078
v 0.091402 0.661531 0.171475
v 0.099637 0.661303 0.117925
v 0.091402 0.661517 0.172089
v 0.091458 0.661491 0.172704
v 0.100057 0.661238 0.117428
v 0.100522 0.661163 0.116957
v 0.091569 0.661456 0.173317
v 0.091735 0.661411 0.173926
v 0.101031 0.661080 0.116515
v 0.101581 0.660989 0.116103
v 0.091954 0.661356 0.174528
v 0.092226 0.661292 0.175119
v 0.102170 0.660890 0.115725
v 0.102794 0.660783 0.115381
v 0.092549 0.661219 0.175697
v 0.092922 0.661137 0.176259
v 0.103451 0.660670 0.115074
v 0.104138 0.660550 0.114805
v 0.093342 0.661046 0.176802
v 0.093809 0.660948 0.177324
v 0.104850 0.660424 0.114575
v 0.105585 0.660294 0.114385
v 0.094319 0.660842 0.177822
v 0.094870 0.660729 0.178293
v 0.106338 0.660158 0.114237
v 0.107108 0.660019 0.114131
v 0.095460 0.660610 0.178736
v 0.096085 0.660485 0.179148
v 0.107888 0.659877 0.114067
v 0.108677 0.659733 0.114046
v 0.096743 0.660355 0.179527
v 0.097430 0.660220 0.179871
v 0.109469 0.659586 0.114067
v 0.110261 0.659439 0.114132
v 0.098143 0.660082 0.180179
v 0.098878 0.659940 0.180448
v 0.111050 0.659291 0.114239
v 0.111831 0.659144 0.114388
v 0.099632 0.659796 0.180679
v 0.100401 0.659650 0.180870
v 0.112600 0.658998 0.114579
v 0.113354 0.658854 0.114810
v 0.101182 0.659502 0.181019
v 0.114090 0.658712 0.115080
v 0.114802 0.658573 0.115387
v 0.101971 0.659355 0.181126
v 0.102763 0.659207 0.181191
v 0.115489 0.658439 0.115732
v 0.116147 0.658308 0.116111
v 0.103556 0.659061 0.181212
v 0.104344 0.658916 0.181191
v 0.116772 0.658184 0.116522
v 0.117362 0.658064 0.116965
v 0.105125 0.658774 0.181128
v 0.105894 0.658635 0.181021
v 0.117913 0.657952 0.117436
v 0.106647 0.658500 0.180873
v 0.107382 0.658369 0.180683
v 0.118423 0.657846 0.117934
v 0.118890 0.657747 0.118456
v 0.108095 0.658244 0.180453
v 0.108781 0.658124 0.180184
v 0.119310 0.657657 0.118999
v 0.119683 0.657575 0.119561
v 0.109438 0.658011 0.179877
v 0.110062 0.657904 0.179533
v 0.120006 0.657502 0.120139
v 0.120278 0.657437 0.120730
v 0.110651 0.657805 0.179155
v 0.111201 0.657713 0.178744
v 0.120497 0.657382 0.121332
v 0.120663 0.657337 0.121941
v 0.111710 0.657630 0.178301
v 0.112175 0.657556 0.177831
v 0.120774 0.657302 0.122554
v 0.120830 0.657277 0.123169
v 0.112595 0.657491 0.177333
v 0.120830 0.657262 0.123783
v 0.112967 0.657435 0.176812
v 0.113288 0.657389 0.176269
v 0.113941 0.657310 0.174539
v 0.113559 0.657352 0.175708
v 0.113777 0.657326 0.175130
v 0.091456 0.661536 0.170866
v 0.098944 0.661405 0.118989
v 0.098673 0.661441 0.119551
v 0.091566 0.661530 0.170265
v 0.091730 0.661514 0.169674
v 0.098455 0.661467 0.120128
v 0.098291 0.661483 0.120719
v 0.091948 0.661488 0.169096
v 0.098181 0.661489 0.121321
v 0.092219 0.661452 0.168535
v 0.092540 0.661406 0.167992
v 0.098127 0.661485 0.121930
v 0.098128 0.661470 0.122543
v 0.092912 0.661350 0.167470
v 0.093332 0.661284 0.166973
v 0.098183 0.661445 0.123158
v 0.098294 0.661409 0.123772
v 0.093797 0.661210 0.166502
v 0.094306 0.661127 0.166060
v 0.098460 0.661364 0.124381
v 0.098679 0.661310 0.124982
v 0.094856 0.661036 0.165649
v 0.095445 0.660936 0.165271
v 0.098951 0.661245 0.125574
v 0.099274 0.661172 0.126152
v 0.096069 0.660830 0.164927
v 0.103041 0.659814 0.153812
v 0.099647 0.661090 0.126714
v 0.104801 0.659802 0.140848
v 0.102185 0.660563 0.129190
v 0.100068 0.660999 0.127257
v 0.101595 0.660682 0.128748
v 0.101044 0.660795 0.128276
v 0.100534 0.660901 0.127778
v 0.107139 0.658961 0.156682
v 0.107066 0.658974 0.156672
v 0.102728 0.659787 0.156082
v 0.102762 0.659780 0.156087
v 0.103036 0.659785 0.153812
v 0.105104 0.659770 0.138576
v 0.104796 0.659772 0.140847
v 0.105138 0.659764 0.138581
v 0.109515 0.658944 0.139176
v 0.109442 0.658958 0.139166
v 0.109207 0.658946 0.141447
v 0.107447 0.658958 0.154411
v 0.091161 0.659933 0.170828
v 0.091271 0.659927 0.170226
v 0.091435 0.659911 0.169635
v 0.091653 0.659885 0.169058
v 0.091924 0.659849 0.168496
v 0.092245 0.659802 0.167953
v 0.092617 0.659747 0.167432
v 0.093037 0.659681 0.166935
v 0.093502 0.659607 0.166464
v 0.094011 0.659524 0.166022
v 0.094561 0.659433 0.165610
v 0.095150 0.659333 0.165232
v 0.095774 0.659227 0.164889
v 0.096431 0.659113 0.164581
v 0.097117 0.658993 0.164312
v 0.097830 0.658868 0.164082
v 0.098565 0.658737 0.163893
v 0.099318 0.658602 0.163744
v 0.100087 0.658463 0.163638
v 0.100868 0.658321 0.163574
v 0.101656 0.658176 0.163553
v 0.102449 0.658030 0.163575
v 0.103241 0.657883 0.163639
v 0.104030 0.657735 0.163746
v 0.104811 0.657588 0.163896
v 0.105580 0.657442 0.164086
v 0.106334 0.657297 0.164317
v 0.107069 0.657155 0.164587
v 0.107782 0.657017 0.164894
v 0.108469 0.656882 0.165239
v 0.109127 0.656752 0.165618
v 0.109752 0.656627 0.166029
v 0.110342 0.656508 0.166472
v 0.110893 0.656395 0.166943
v 0.111403 0.656289 0.167441
v 0.111870 0.656191 0.167963
v 0.112290 0.656101 0.168506
v 0.112663 0.656018 0.169068
v 0.112986 0.655945 0.169646
v 0.113258 0.655881 0.170237
v 0.113477 0.655826 0.170839
v 0.113643 0.655781 0.171448
v 0.113754 0.655746 0.172061
v 0.113810 0.655721 0.172676
v 0.113810 0.655706 0.173290
v 0.113756 0.655701 0.173899
v 0.113646 0.655707 0.174500
v 0.113482 0.655723 0.175091
v 0.113264 0.655749 0.175669
v 0.112993 0.655786 0.176231
v 0.112672 0.655832 0.176773
v 0.112300 0.655888 0.177295
v 0.111880 0.655953 0.177792
v 0.111415 0.656027 0.178263
v 0.110906 0.656110 0.178705
v 0.110356 0.656202 0.179116
v 0.109767 0.656301 0.179495
v 0.109143 0.656407 0.179838
v 0.108486 0.656521 0.180145
v 0.107800 0.656641 0.180414
v 0.107087 0.656766 0.180645
v 0.106352 0.656897 0.180834
v 0.105599 0.657032 0.180983
v 0.104830 0.657171 0.181089
v 0.104049 0.657313 0.181153
v 0.103261 0.657458 0.181174
v 0.102468 0.657604 0.181152
v 0.101676 0.657751 0.181087
v 0.100887 0.657899 0.180980
v 0.100106 0.658046 0.180831
v 0.099337 0.658193 0.180641
v 0.098583 0.658337 0.180410
v 0.097848 0.658479 0.180140
v 0.097135 0.658617 0.179832
v 0.096448 0.658752 0.179488
v 0.095790 0.658882 0.179109
v 0.095165 0.659007 0.178697
v 0.094575 0.659126 0.178255
v 0.094024 0.659239 0.177783
v 0.093514 0.659345 0.177286
v 0.093047 0.659443 0.176764
v 0.092627 0.659534 0.176221
v 0.092254 0.659616 0.175659
v 0.091931 0.659689 0.175081
v 0.091659 0.659753 0.174489
v 0.091440 0.659808 0.173888
v 0.091274 0.659853 0.173279
v 0.091163 0.659888 0.172665
v 0.091107 0.659913 0.172050
v 0.091107 0.659928 0.171437
v 0.097886 0.659886 0.121282
v 0.097996 0.659880 0.120681
v 0.098160 0.659864 0.120090
v 0.098378 0.659838 0.119512
v 0.098649 0.659802 0.118950
v 0.098971 0.659756 0.118408
v 0.099342 0.659700 0.117886
v 0.099762 0.659634 0.117389
v 0.100227 0.659560 0.116918
v 0.100736 0.659477 0.116476
v 0.101286 0.659386 0.116065
v 0.101875 0.659286 0.115687
v 0.102499 0.659180 0.115343
v 0.103156 0.659066 0.115036
v 0.103843 0.658947 0.114767
v 0.104555 0.658821 0.114537
v 0.105290 0.658690 0.114347
v 0.106043 0.658555 0.114198
v 0.106813 0.658416 0.114092
v 0.107593 0.658274 0.114028
v 0.108382 0.658130 0.114007
v 0.109174 0.657983 0.114029
v 0.109966 0.657836 0.114094
v 0.110755 0.657688 0.114201
v 0.111536 0.657541 0.114350
v 0.112305 0.657395 0.114540
v 0.113059 0.657250 0.114771
v 0.113795 0.657109 0.115041
v 0.114507 0.656970 0.115349
v 0.115194 0.656835 0.115693
v 0.115852 0.656705 0.116072
v 0.116477 0.656580 0.116484
v 0.117067 0.656461 0.116926
v 0.117618 0.656348 0.117398
v 0.118128 0.656243 0.117895
v 0.118595 0.656144 0.118417
v 0.119015 0.656054 0.118960
v 0.119388 0.655972 0.119522
v 0.119711 0.655898 0.120100
v 0.119983 0.655834 0.120692
v 0.120202 0.655779 0.121293
v 0.120368 0.655734 0.121902
v 0.120479 0.655699 0.122516
v 0.120535 0.655674 0.123131
v 0.120535 0.655659 0.123744
v 0.120481 0.655654 0.124353
v 0.120371 0.655660 0.124955
v 0.120207 0.655676 0.125546
v 0.119989 0.655702 0.126123
v 0.119719 0.655739 0.126685
v 0.119397 0.655785 0.127228
v 0.119025 0.655841 0.127749
v 0.118606 0.655906 0.128246
v 0.118140 0.655980 0.128717
v 0.117631 0.656063 0.129159
v 0.117081 0.656155 0.129571
v 0.116492 0.656254 0.129949
v 0.115868 0.656361 0.130292
v 0.115211 0.656474 0.130600
v 0.114525 0.656594 0.130869
v 0.113812 0.656719 0.131099
v 0.113078 0.656850 0.131289
v 0.112324 0.656985 0.131437
v 0.111555 0.657124 0.131543
v 0.110774 0.657266 0.131607
v 0.109986 0.657411 0.131628
v 0.109193 0.657557 0.131606
v 0.108401 0.657705 0.131542
v 0.107612 0.657852 0.131435
v 0.106832 0.658000 0.131285
v 0.106062 0.658146 0.131095
v 0.105308 0.658290 0.130864
v 0.104573 0.658432 0.130594
v 0.103860 0.658570 0.130287
v 0.103173 0.658705 0.129942
v 0.102515 0.658835 0.129563
v 0.101890 0.658960 0.129152
v 0.101300 0.659079 0.128709
v 0.100749 0.659192 0.128238
v 0.100239 0.659298 0.127740
v 0.099773 0.659396 0.127218
v 0.099352 0.659487 0.126675
v 0.098979 0.659569 0.126113
v 0.098656 0.659642 0.125535
v 0.098384 0.659706 0.124944
v 0.098165 0.659761 0.124342
v 0.097999 0.659806 0.123733
v 0.097888 0.659841 0.123120
v 0.097833 0.659867 0.122505
v 0.097832 0.659881 0.121891
v 0.096983 0.657099 0.184732
v 0.099955 0.656550 0.185177
v 0.097023 0.650360 0.196294
v 0.093162 0.651074 0.195717
v 0.094054 0.657645 0.184107
v 0.089357 0.651783 0.194904
v 0.091183 0.658184 0.183302
v 0.085626 0.652484 0.193859
v 0.088383 0.658715 0.182324
v 0.081989 0.653173 0.192587
v 0.085668 0.659234 0.181175
v 0.078462 0.653847 0.191095
v 0.083051 0.659739 0.179863
v 0.075062 0.654503 0.189390
v 0.080546 0.660227 0.178392
v 0.071807 0.655137 0.187480
v 0.078164 0.660696 0.176771
v 0.068712 0.655747 0.185374
v 0.075916 0.661144 0.175008
v 0.065793 0.656329 0.183083
v 0.073815 0.661569 0.173110
v 0.063063 0.656881 0.180618
v 0.071869 0.661968 0.171088
v 0.060535 0.657399 0.177990
v 0.058223 0.657883 0.175214
v 0.070089 0.662340 0.168950
v 0.056137 0.658328 0.172301
v 0.068484 0.662683 0.166708
v 0.054287 0.658733 0.169267
v 0.067060 0.662994 0.164373
v 0.052683 0.659096 0.166125
v 0.065825 0.663274 0.161955
v 0.051332 0.659415 0.162893
v 0.064786 0.663519 0.159467
v 0.050241 0.659688 0.159584
v 0.063946 0.663730 0.156920
v 0.049416 0.659915 0.156216
v 0.063310 0.663905 0.154327
v 0.048859 0.660094 0.152804
v 0.062882 0.664042 0.151701
v 0.062663 0.664143 0.149054
v 0.048575 0.660224 0.149366
v 0.062655 0.664205 0.146400
v 0.048564 0.660305 0.145918
v 0.062856 0.664229 0.143751
v 0.048826 0.660336 0.142476
v 0.063268 0.664214 0.141121
v 0.049360 0.660318 0.139059
v 0.063886 0.664162 0.138521
v 0.050164 0.660249 0.135681
v 0.064710 0.664071 0.135965
v 0.051234 0.660131 0.132361
v 0.065733 0.663942 0.133465
v 0.052563 0.659964 0.129113
v 0.066952 0.663777 0.131034
v 0.054147 0.659749 0.125954
v 0.068361 0.663575 0.128682
v 0.055977 0.659487 0.122899
v 0.069952 0.663338 0.126423
v 0.058044 0.659179 0.119964
v 0.071718 0.663067 0.124265
v 0.060339 0.658826 0.117161
v 0.073650 0.662763 0.122221
v 0.062849 0.658432 0.114506
v 0.075740 0.662428 0.120301
v 0.065563 0.657996 0.112010
v 0.077976 0.662063 0.118512
v 0.068468 0.657522 0.109687
v 0.080347 0.661670 0.116865
v 0.071549 0.657012 0.107547
v 0.074792 0.656468 0.105600
v 0.082843 0.661252 0.115367
v 0.078180 0.655894 0.103857
v 0.085451 0.660809 0.114025
v 0.081697 0.655290 0.102326
v 0.088158 0.660345 0.112847
v 0.085326 0.654662 0.101014
v 0.090952 0.659861 0.111837
v 0.089050 0.654011 0.099928
v 0.093818 0.659360 0.111001
v 0.092850 0.653341 0.099073
v 0.096743 0.658844 0.110342
v 0.094778 0.652998 0.098763
v 0.098227 0.658581 0.110103
v 0.102711 0.657779 0.109571
v 0.099712 0.658317 0.109865
v 0.096707 0.652655 0.098452
v 0.100603 0.651957 0.098070
v 0.105725 0.657235 0.109461
v 0.104519 0.651250 0.097928
v 0.108740 0.656686 0.109537
v 0.108436 0.650537 0.098027
v 0.111741 0.656135 0.109798
v 0.112334 0.649822 0.098366
v 0.114713 0.655586 0.110242
v 0.116195 0.649108 0.098943
v 0.117642 0.655040 0.110868
v 0.120000 0.648399 0.099756
v 0.120513 0.654501 0.111672
v 0.123731 0.647698 0.100801
v 0.123313 0.653970 0.112651
v 0.127368 0.647009 0.102072
v 0.126028 0.653452 0.113800
v 0.130895 0.646335 0.103564
v 0.128644 0.652947 0.115112
v 0.134295 0.645679 0.105270
v 0.131150 0.652459 0.116582
v 0.137550 0.645045 0.107180
v 0.133532 0.651989 0.118203
v 0.140644 0.644435 0.109285
v 0.135779 0.651541 0.119967
v 0.143564 0.643853 0.111577
v 0.137881 0.651116 0.121864
v 0.146294 0.643301 0.114042
v 0.139826 0.650717 0.123887
v 0.148822 0.642783 0.116669
v 0.151134 0.642299 0.119446
v 0.141606 0.650345 0.126024
v 0.153220 0.641854 0.122359
v 0.143212 0.650003 0.128266
v 0.155070 0.641449 0.125393
v 0.144636 0.649691 0.130602
v 0.156674 0.641086 0.128534
v 0.145870 0.649411 0.133020
v 0.158025 0.640767 0.131767
v 0.146910 0.649166 0.135508
v 0.159116 0.640494 0.135076
v 0.147750 0.648955 0.138055
v 0.159941 0.640267 0.138444
v 0.148385 0.648781 0.140648
v 0.160498 0.640088 0.141856
v 0.148814 0.648643 0.143274
v 0.160782 0.639958 0.145294
v 0.149033 0.648543 0.145920
v 0.160793 0.639877 0.148742
v 0.149041 0.648480 0.148574
v 0.160531 0.639846 0.152183
v 0.148839 0.648456 0.151223
v 0.148428 0.648471 0.153854
v 0.159997 0.639864 0.155601
v 0.147809 0.648524 0.156454
v 0.159193 0.639933 0.158978
v 0.146986 0.648615 0.159010
v 0.158123 0.640051 0.162299
v 0.145962 0.648743 0.161509
v 0.156793 0.640218 0.165547
v 0.144743 0.648909 0.163941
v 0.155210 0.640433 0.168706
v 0.143335 0.649111 0.166292
v 0.153380 0.640695 0.171760
v 0.141744 0.649348 0.168552
v 0.151313 0.641003 0.174696
v 0.139978 0.649619 0.170709
v 0.149018 0.641356 0.177499
v 0.138045 0.649923 0.172753
v 0.146508 0.641750 0.180154
v 0.135956 0.650258 0.174674
v 0.143794 0.642186 0.182650
v 0.133720 0.650622 0.176463
v 0.140889 0.642660 0.184973
v 0.131349 0.651015 0.178110
v 0.137808 0.643170 0.187113
v 0.134565 0.643714 0.189059
v 0.128853 0.651434 0.179608
v 0.131177 0.644288 0.190802
v 0.126245 0.651876 0.180950
v 0.127660 0.644892 0.192334
v 0.123537 0.652341 0.182128
v 0.124031 0.645520 0.193646
v 0.120744 0.652824 0.183138
v 0.120307 0.646171 0.194732
v 0.117878 0.653325 0.183974
v 0.116507 0.646841 0.195587
v 0.114953 0.653841 0.184633
v 0.112650 0.647527 0.196207
v 0.111984 0.654369 0.185110
v 0.108754 0.648225 0.196589
v 0.108985 0.654906 0.185404
v 0.104838 0.648932 0.196732
v 0.105971 0.655451 0.185513
v 0.100921 0.649645 0.196633
v 0.102956 0.655999 0.185438
v 0.099125 0.658593 0.158814
v 0.114934 0.655632 0.160963
v 0.118168 0.655609 0.137135
v 0.102890 0.658471 0.135058
v 0.093416 0.659662 0.158038
v 0.096650 0.659639 0.134210
v 0.092508 0.654728 0.157920
v 0.114026 0.650698 0.160845
v 0.095742 0.654705 0.134092
v 0.117260 0.650675 0.137016
v 0.108151 0.652294 0.139394
v 0.106881 0.652532 0.139222
v 0.106578 0.652606 0.138466
v 0.106710 0.652583 0.138405
v 0.106823 0.652564 0.138325
v 0.106913 0.652550 0.138228
v 0.106430 0.652632 0.138504
v 0.103848 0.653100 0.138810
v 0.101577 0.653116 0.155536
v 0.102847 0.652878 0.155709
v 0.103171 0.652799 0.156497
v 0.103087 0.652814 0.156535
v 0.102974 0.652833 0.156615
v 0.106274 0.652661 0.138519
v 0.106115 0.652690 0.138509
v 0.102885 0.652847 0.156712
v 0.105959 0.652720 0.138476
v 0.105813 0.652748 0.138420
v 0.102823 0.652856 0.156822
v 0.102792 0.652859 0.156941
v 0.105681 0.652774 0.138344
v 0.102791 0.652856 0.157064
v 0.102821 0.652847 0.157186
v 0.105569 0.652797 0.138250
v 0.105482 0.652815 0.138143
v 0.102881 0.652834 0.157303
v 0.102968 0.652815 0.157411
v 0.105422 0.652829 0.138026
v 0.105391 0.652838 0.137903
v 0.103080 0.652792 0.157504
v 0.103212 0.652766 0.157581
v 0.105392 0.652841 0.137780
v 0.105424 0.652838 0.137662
v 0.103359 0.652738 0.157636
v 0.103514 0.652708 0.157670
v 0.105486 0.652829 0.137552
v 0.105575 0.652815 0.137455
v 0.103673 0.652679 0.157679
v 0.105688 0.652796 0.137374
v 0.105821 0.652773 0.137314
v 0.103830 0.652650 0.157665
v 0.103977 0.652624 0.157626
v 0.105968 0.652747 0.137276
v 0.106124 0.652718 0.137261
v 0.104110 0.652601 0.157566
v 0.104223 0.652582 0.157486
v 0.106283 0.652689 0.137271
v 0.104312 0.652568 0.157389
v 0.104373 0.652560 0.157279
v 0.106439 0.652659 0.137304
v 0.106586 0.652631 0.137360
v 0.104405 0.652556 0.157160
v 0.104406 0.652559 0.157037
v 0.104376 0.652568 0.156915
v 0.105881 0.652310 0.156121
v 0.106717 0.652605 0.137436
v 0.106829 0.652582 0.137530
v 0.106974 0.652541 0.138118
v 0.106917 0.652564 0.137637
v 0.106977 0.652550 0.137754
v 0.107006 0.652538 0.138000
v 0.107007 0.652541 0.137877
v 0.103220 0.652791 0.156475
v 0.104316 0.652582 0.156797
v 0.104228 0.652600 0.156690
v 0.103367 0.652765 0.156436
v 0.103523 0.652736 0.156422
v 0.104117 0.652623 0.156596
v 0.103985 0.652649 0.156520
v 0.103683 0.652707 0.156431
v 0.103838 0.652678 0.156464
v 0.108071 0.658322 0.138016
v 0.108070 0.658319 0.138139
v 0.108041 0.658330 0.137893
v 0.107981 0.658344 0.137776
v 0.107893 0.658363 0.137668
v 0.107781 0.658386 0.137575
v 0.107649 0.658412 0.137499
v 0.107503 0.658440 0.137443
v 0.107347 0.658469 0.137410
v 0.107188 0.658499 0.137400
v 0.107032 0.658527 0.137415
v 0.106884 0.658553 0.137453
v 0.106752 0.658576 0.137513
v 0.106639 0.658595 0.137594
v 0.106550 0.658609 0.137691
v 0.106488 0.658618 0.137800
v 0.106456 0.658621 0.137919
v 0.106455 0.658618 0.138042
v 0.106485 0.658610 0.138165
v 0.106545 0.658596 0.138282
v 0.106633 0.658577 0.138389
v 0.106745 0.658554 0.138483
v 0.106876 0.658528 0.138559
v 0.107023 0.658500 0.138615
v 0.107179 0.658471 0.138648
v 0.107338 0.658441 0.138658
v 0.107494 0.658413 0.138643
v 0.107641 0.658386 0.138605
v 0.107774 0.658364 0.138544
v 0.107887 0.658345 0.138464
v 0.107976 0.658331 0.138367
v 0.108038 0.658322 0.138257
v 0.106597 0.658091 0.158904
v 0.102293 0.658897 0.158319
v 0.109584 0.658070 0.136893
v 0.105281 0.658876 0.136308
v 0.102652 0.658894 0.155677
v 0.102659 0.658933 0.155678
v 0.104929 0.658917 0.138951
v 0.104922 0.658879 0.138950
v 0.103168 0.658798 0.155747
v 0.104038 0.658613 0.156754
v 0.104151 0.658594 0.156674
v 0.104284 0.658572 0.156613
v 0.105380 0.658362 0.156936
v 0.105440 0.658348 0.157054
v 0.106945 0.658090 0.156260
v 0.105292 0.658381 0.156829
v 0.104431 0.658545 0.156575
v 0.104587 0.658517 0.156560
v 0.105180 0.658404 0.156735
v 0.105049 0.658430 0.156659
v 0.104746 0.658487 0.156570
v 0.104902 0.658458 0.156603
v 0.103949 0.658627 0.156851
v 0.103887 0.658636 0.156961
v 0.103855 0.658639 0.157080
v 0.103854 0.658636 0.157203
v 0.103884 0.658628 0.157325
v 0.103944 0.658614 0.157442
v 0.104032 0.658595 0.157550
v 0.104144 0.658572 0.157643
v 0.104276 0.658546 0.157720
v 0.104422 0.658518 0.157775
v 0.104578 0.658489 0.157809
v 0.104737 0.658459 0.157818
v 0.104893 0.658431 0.157803
v 0.105041 0.658405 0.157765
v 0.105173 0.658382 0.157705
v 0.105286 0.658363 0.157625
v 0.105375 0.658349 0.157528
v 0.105437 0.658340 0.157418
v 0.105469 0.658337 0.157299
v 0.108709 0.658169 0.139465
v 0.105470 0.658340 0.157176
v 0.109215 0.658075 0.139533
v 0.102648 0.658935 0.155676
v 0.104918 0.658919 0.138949
vn -0.1785 -0.9837 -0.0225
vn -0.1784 -0.9837 -0.0226
vn -0.1785 -0.9837 -0.0224
vn -0.1786 -0.9837 -0.0225
vn -0.1786 -0.9837 -0.0222
vn -0.1784 -0.9837 -0.0225
vn -0.1781 -0.9837 -0.0226
vn -0.1780 -0.9838 -0.0225
vn -0.1782 -0.9837 -0.0225
vn -0.1787 -0.9836 -0.0225
vn -0.1780 -0.9838 -0.0224
vn -0.1785 -0.9837 -0.0226
vn -0.1787 -0.9836 -0.0226
vn -0.1789 -0.9836 -0.0226
vn -0.1787 -0.9836 -0.0223
vn -0.1786 -0.9837 -0.0226
vn -0.1790 -0.9836 -0.0225
vn -0.1783 -0.9837 -0.0225
vn -0.1781 -0.9837 -0.0225
vn -0.1783 -0.9837 -0.0223
vn -0.1785 -0.9837 -0.0223
vn -0.1781 -0.9837 -0.0224
vn -0.1784 -0.9837 -0.0224
vn -0.1782 -0.9837 -0.0223
vn 0.0960 -0.2216 -0.9704
vn 0.0946 -0.2244 -0.9699
vn 0.0932 -0.2273 -0.9694
vn -0.1782 -0.9837 -0.0224
vn -0.1789 -0.9836 -0.0225
vn -0.1791 -0.9836 -0.0226
vn -0.1793 -0.9835 -0.0226
vn -0.1776 -0.9838 -0.0225
vn -0.1788 -0.9836 -0.0226
vn -0.1788 -0.9836 -0.0223
vn -0.0765 0.3646 0.9280
vn -0.0723 0.3610 0.9298
vn -0.0845 0.3714 0.9246
vn -0.0896 0.3757 0.9224
vn -0.1286 0.3947 0.9098
vn -0.1226 0.3889 0.9131
vn -0.1401 0.4058 0.9032
vn -0.1472 0.4127 0.8989
vn -0.1768 0.4313 0.8847
vn -0.1697 0.4235 0.8899
vn -0.1911 0.4469 0.8740
vn -0.1995 0.4560 0.8673
vn -0.2206 0.4730 0.8530
vn -0.2129 0.4635 0.8601
vn -0.2368 0.4928 0.8373
vn -0.2458 0.5037 0.8282
vn -0.2594 0.5182 0.8150
vn -0.2516 0.5075 0.8241
vn -0.2765 0.5416 0.7939
vn -0.2854 0.5535 0.7824
vn -0.2929 0.5650 0.7713
vn -0.2856 0.5537 0.7822
vn -0.3099 0.5910 0.7447
vn -0.3180 0.6033 0.7314
vn -0.3210 0.6118 0.7230
vn -0.3144 0.6005 0.7352
vn -0.3369 0.6393 0.6913
vn -0.3438 0.6512 0.6766
vn -0.3436 0.6570 0.6710
vn -0.3382 0.6462 0.6841
vn -0.3577 0.6847 0.6350
vn -0.3633 0.6957 0.6197
vn -0.3612 0.6995 0.6166
vn -0.3569 0.6897 0.6301
vn -0.3729 0.7262 0.5775
vn -0.3772 0.7360 0.5622
vn -0.3742 0.7384 0.5610
vn -0.3710 0.7298 0.5742
vn -0.3833 0.7632 0.5202
vn -0.3863 0.7716 0.5054
vn -0.3832 0.7733 0.5052
vn -0.3811 0.7660 0.5178
vn -0.3897 0.7955 0.4640
vn -0.3916 0.8024 0.4503
vn -0.3890 0.8039 0.4500
vn -0.3876 0.7979 0.4616
vn -0.3930 0.8232 0.4099
vn -0.3940 0.8287 0.3974
vn -0.3921 0.8303 0.3961
vn -0.3914 0.8256 0.4065
vn -0.3940 0.8465 0.3581
vn -0.3944 0.8509 0.3471
vn -0.3931 0.8528 0.3438
vn -0.3930 0.8491 0.3529
vn -0.3933 0.8659 0.3089
vn -0.3933 0.8693 0.2994
vn -0.3928 0.8716 0.2934
vn -0.3930 0.8689 0.3011
vn -0.3917 0.8819 0.2623
vn -0.3914 0.8844 0.2543
vn -0.3914 0.8870 0.2448
vn -0.3918 0.8851 0.2511
vn -0.3895 0.8948 0.2181
vn -0.3890 0.8966 0.2116
vn -0.3895 0.8995 0.1979
vn -0.3900 0.8982 0.2028
vn -0.3871 0.9051 0.1759
vn -0.3866 0.9063 0.1708
vn -0.3872 0.9093 0.1526
vn -0.3877 0.9084 0.1562
vn -0.3848 0.9130 0.1355
vn -0.3843 0.9138 0.1317
vn -0.3849 0.9166 0.1085
vn -0.3853 0.9161 0.1109
vn -0.3828 0.9188 0.0965
vn -0.3824 0.9192 0.0939
vn -0.3826 0.9216 0.0652
vn -0.3828 0.9214 0.0666
vn -0.3812 0.9227 0.0584
vn -0.3809 0.9229 0.0570
vn -0.3804 0.9245 0.0226
vn -0.3805 0.9245 0.0229
vn -0.3800 0.9247 0.0209
vn -0.3799 0.9248 0.0206
vn -0.3785 0.9254 -0.0198
vn -0.3783 0.9255 -0.0205
vn -0.3794 0.9251 -0.0164
vn -0.3796 0.9250 -0.0157
vn -0.3767 0.9242 -0.0624
vn -0.3762 0.9243 -0.0639
vn -0.3792 0.9237 -0.0540
vn -0.3797 0.9236 -0.0524
vn -0.3751 0.9210 -0.1055
vn -0.3743 0.9210 -0.1078
vn -0.3795 0.9206 -0.0923
vn -0.3803 0.9205 -0.0898
vn -0.3734 0.9155 -0.1494
vn -0.3723 0.9155 -0.1525
vn -0.3801 0.9156 -0.1316
vn -0.3813 0.9155 -0.1283
vn -0.3716 0.9078 -0.1945
vn -0.3701 0.9076 -0.1982
vn -0.3808 0.9085 -0.1724
vn -0.3824 0.9085 -0.1683
vn -0.3695 0.8975 -0.2410
vn -0.3674 0.8971 -0.2453
vn -0.3814 0.8991 -0.2149
vn -0.3835 0.8993 -0.2101
vn -0.3666 0.8843 -0.2891
vn -0.3641 0.8838 -0.2939
vn -0.3816 0.8871 -0.2596
vn -0.3844 0.8875 -0.2541
vn -0.3627 0.8681 -0.3389
vn -0.3596 0.8673 -0.3442
vn -0.3811 0.8722 -0.3066
vn -0.3844 0.8729 -0.3006
vn -0.3574 0.8485 -0.3903
vn -0.3537 0.8474 -0.3961
vn -0.3792 0.8540 -0.3561
vn -0.3833 0.8549 -0.3496
vn -0.3502 0.8251 -0.4433
vn -0.3457 0.8238 -0.4493
vn -0.3755 0.8322 -0.4081
vn -0.3803 0.8333 -0.4011
vn -0.3405 0.7979 -0.4974
vn -0.3352 0.7963 -0.5035
vn -0.3691 0.8062 -0.4623
vn -0.3748 0.8077 -0.4551
vn -0.3277 0.7668 -0.5520
vn -0.3217 0.7649 -0.5581
vn -0.3593 0.7760 -0.5183
vn -0.3660 0.7778 -0.5109
vn -0.3113 0.7318 -0.6063
vn -0.3045 0.7296 -0.6123
vn -0.3453 0.7415 -0.5752
vn -0.3530 0.7435 -0.5680
vn -0.2909 0.6933 -0.6593
vn -0.2832 0.6911 -0.6650
vn -0.3263 0.7029 -0.6320
vn -0.3349 0.7051 -0.6251
vn -0.2659 0.6521 -0.7100
vn -0.2576 0.6499 -0.7151
vn -0.3016 0.6609 -0.6872
vn -0.3111 0.6630 -0.6809
vn -0.2362 0.6091 -0.7571
vn -0.2274 0.6071 -0.7614
vn -0.2707 0.6165 -0.7394
vn -0.2809 0.6185 -0.7339
vn -0.2016 0.5657 -0.7996
vn -0.1926 0.5640 -0.8030
vn -0.2336 0.5712 -0.7869
vn -0.2441 0.5728 -0.7825
vn -0.1623 0.5234 -0.8365
vn -0.1535 0.5222 -0.8389
vn -0.1904 0.5268 -0.8284
vn -0.2008 0.5279 -0.8252
vn -0.1185 0.4837 -0.8672
vn -0.1103 0.4831 -0.8686
vn -0.1416 0.4853 -0.8628
vn -0.1513 0.4858 -0.8609
vn -0.0660 0.4466 -0.8923
vn -0.0637 0.4483 -0.8916
vn -0.0907 0.4541 -0.8863
vn -0.0932 0.4509 -0.8877
vn -0.0190 0.4187 -0.9079
vn -0.0140 0.4190 -0.9079
vn -0.0306 0.4181 -0.9079
vn -0.0366 0.4177 -0.9079
vn 0.0356 0.3960 -0.9176
vn 0.0383 0.3963 -0.9173
vn 0.0299 0.3952 -0.9181
vn 0.0267 0.3948 -0.9184
vn 0.0925 0.3808 -0.9200
vn 0.0926 0.3808 -0.9200
vn 0.0926 0.3809 -0.9200
vn 0.1509 0.3738 -0.9152
vn 0.1480 0.3730 -0.9159
vn 0.1565 0.3753 -0.9136
vn 0.1600 0.3762 -0.9126
vn 0.2098 0.3748 -0.9030
vn 0.2043 0.3730 -0.9051
vn 0.2207 0.3784 -0.8990
vn 0.2274 0.3806 -0.8964
vn 0.2684 0.3836 -0.8837
vn 0.2605 0.3804 -0.8874
vn 0.2840 0.3897 -0.8760
vn 0.2934 0.3934 -0.8713
vn 0.3255 0.3992 -0.8571
vn 0.3158 0.3947 -0.8628
vn 0.3452 0.4083 -0.8451
vn 0.3567 0.4135 -0.8378
vn 0.3801 0.4207 -0.8237
vn 0.3693 0.4149 -0.8315
vn 0.4030 0.4328 -0.8064
vn 0.4156 0.4393 -0.7965
vn 0.4311 0.4467 -0.7839
vn 0.4199 0.4400 -0.7938
vn 0.4561 0.4615 -0.7609
vn 0.4688 0.4690 -0.7485
vn 0.4777 0.4759 -0.7385
vn 0.4667 0.4685 -0.7501
vn 0.5034 0.4929 -0.7097
vn 0.5155 0.5008 -0.6953
vn 0.5191 0.5067 -0.6884
vn 0.5089 0.4990 -0.7014
vn 0.5442 0.5251 -0.6543
vn 0.5550 0.5330 -0.6386
vn 0.5549 0.5377 -0.6348
vn 0.5459 0.5303 -0.6487
vn 0.5782 0.5568 -0.5963
vn 0.5875 0.5643 -0.5800
vn 0.5850 0.5680 -0.5790
vn 0.5774 0.5610 -0.5932
vn 0.6057 0.5869 -0.5373
vn 0.6132 0.5937 -0.5211
vn 0.6096 0.5965 -0.5222
vn 0.6035 0.5902 -0.5362
vn 0.6271 0.6145 -0.4788
vn 0.6329 0.6205 -0.4632
vn 0.6291 0.6227 -0.4654
vn 0.6244 0.6172 -0.4788
vn 0.6431 0.6392 -0.4218
vn 0.6474 0.6443 -0.4072
vn 0.6440 0.6461 -0.4095
vn 0.6406 0.6416 -0.4219
vn 0.6547 0.6608 -0.3670
vn 0.6577 0.6650 -0.3538
vn 0.6552 0.6668 -0.3552
vn 0.6529 0.6630 -0.3663
vn 0.6627 0.6794 -0.3149
vn 0.6647 0.6829 -0.3032
vn 0.6631 0.6846 -0.3027
vn 0.6617 0.6816 -0.3124
vn 0.6680 0.6952 -0.2656
vn 0.6691 0.6979 -0.2555
vn 0.6686 0.6996 -0.2522
vn 0.6678 0.6973 -0.2604
vn 0.6712 0.7082 -0.2191
vn 0.6717 0.7103 -0.2105
vn 0.6720 0.7120 -0.2038
vn 0.6717 0.7103 -0.2106
vn 0.6728 0.7188 -0.1751
vn 0.6730 0.7203 -0.1681
vn 0.6739 0.7219 -0.1572
vn 0.6739 0.7207 -0.1626
vn 0.6735 0.7270 -0.1333
vn 0.6734 0.7282 -0.1278
vn 0.6746 0.7296 -0.1123
vn 0.6748 0.7288 -0.1163
vn 0.6736 0.7332 -0.0935
vn 0.6733 0.7340 -0.0893
vn 0.6745 0.7350 -0.0687
vn 0.6748 0.7345 -0.0715
vn 0.6732 0.7374 -0.0551
vn 0.6729 0.7379 -0.0522
vn 0.6738 0.7384 -0.0262
vn 0.6740 0.7382 -0.0278
vn 0.6727 0.7397 -0.0179
vn 0.6724 0.7400 -0.0162
vn 0.6726 0.7399 0.0157
vn 0.6727 0.7398 0.0152
vn 0.6720 0.7403 0.0188
vn 0.6719 0.7404 0.0194
vn 0.6709 0.7393 0.0574
vn 0.6708 0.7394 0.0578
vn 0.6714 0.7390 0.0552
vn 0.6715 0.7390 0.0547
vn 0.6688 0.7368 0.0992
vn 0.6685 0.7369 0.1005
vn 0.6707 0.7360 0.0918
vn 0.6711 0.7359 0.0904
vn 0.6662 0.7322 0.1414
vn 0.6656 0.7324 0.1435
vn 0.6699 0.7311 0.1290
vn 0.6706 0.7309 0.1267
vn 0.6630 0.7256 0.1845
vn 0.6619 0.7258 0.1874
vn 0.6689 0.7243 0.1673
vn 0.6700 0.7240 0.1641
vn 0.6588 0.7167 0.2287
vn 0.6574 0.7169 0.2323
vn 0.6674 0.7154 0.2070
vn 0.6689 0.7151 0.2030
vn 0.6536 0.7054 0.2744
vn 0.6516 0.7055 0.2786
vn 0.6651 0.7042 0.2486
vn 0.6671 0.7039 0.2438
vn 0.6468 0.6915 0.3217
vn 0.6442 0.6916 0.3266
vn 0.6616 0.6905 0.2923
vn 0.6643 0.6903 0.2868
vn 0.6380 0.6749 0.3708
vn 0.6348 0.6749 0.3762
vn 0.6565 0.6742 0.3384
vn 0.6598 0.6739 0.3323
vn 0.6267 0.6554 0.4217
vn 0.6227 0.6553 0.4275
vn 0.6490 0.6549 0.3871
vn 0.6532 0.6547 0.3804
vn 0.6122 0.6328 0.4741
vn 0.6075 0.6327 0.4803
vn 0.6385 0.6325 0.4384
vn 0.6436 0.6323 0.4313
vn 0.5941 0.6071 0.5278
vn 0.5885 0.6070 0.5341
vn 0.6242 0.6069 0.4921
vn 0.6302 0.6067 0.4846
vn 0.5715 0.5785 0.5820
vn 0.5650 0.5784 0.5884
vn 0.6050 0.5781 0.5476
vn 0.6120 0.5778 0.5400
vn 0.5441 0.5472 0.6360
vn 0.5367 0.5472 0.6423
vn 0.5802 0.5463 0.6041
vn 0.5883 0.5459 0.5966
vn 0.5114 0.5139 0.6887
vn 0.5031 0.5142 0.6946
vn 0.5489 0.5122 0.6606
vn 0.5581 0.5115 0.6533
vn 0.4733 0.4796 0.7389
vn 0.4643 0.4801 0.7442
vn 0.5108 0.4766 0.7155
vn 0.5210 0.4756 0.7088
vn 0.4299 0.4452 0.7855
vn 0.4204 0.4462 0.7900
vn 0.4659 0.4410 0.7671
vn 0.4767 0.4395 0.7613
vn 0.3816 0.4124 0.8272
vn 0.3720 0.4139 0.8308
vn 0.4144 0.4069 0.8141
vn 0.4255 0.4049 0.8093
vn 0.3291 0.3826 0.8633
vn 0.3198 0.3846 0.8659
vn 0.3575 0.3762 0.8548
vn 0.3683 0.3736 0.8513
vn 0.2732 0.3574 0.8931
vn 0.2648 0.3598 0.8946
vn 0.2962 0.3506 0.8884
vn 0.3061 0.3476 0.8862
vn 0.2150 0.3383 0.9161
vn 0.2080 0.3409 0.9168
vn 0.2322 0.3320 0.9143
vn 0.2405 0.3288 0.9132
vn 0.1555 0.3266 0.9323
vn 0.1504 0.3288 0.9323
vn 0.1668 0.3214 0.9321
vn 0.1729 0.3186 0.9320
vn 0.0956 0.3230 0.9416
vn 0.0928 0.3245 0.9413
vn 0.1014 0.3198 0.9420
vn 0.1048 0.3180 0.9423
vn 0.0364 0.3282 0.9439
vn 0.0360 0.3284 0.9438
vn 0.0371 0.3277 0.9440
vn 0.0375 0.3275 0.9441
vn -0.0212 0.3422 0.9394
vn -0.0192 0.3406 0.9400
vn -0.0252 0.3451 0.9382
vn -0.0276 0.3469 0.9375
vn -0.0683 0.4438 -0.8935
vn -0.0963 0.4485 -0.8886
vn 0.1809 0.9832 0.0236
vn 0.1810 0.9832 0.0236
vn 0.1808 0.9832 0.0236
vn 0.1806 0.9833 0.0236
vn 0.1812 0.9832 0.0237
vn 0.1807 0.9833 0.0236
vn 0.1807 0.9832 0.0236
vn 0.1811 0.9832 0.0236
vn 0.1811 0.9832 0.0237
vn -0.1474 0.0027 0.9891
vn -0.0881 -0.0086 0.9961
vn -0.2065 0.0140 0.9784
vn -0.2652 0.0253 0.9639
vn -0.3235 0.0367 0.9455
vn -0.3236 0.0367 0.9455
vn -0.3813 0.0481 0.9232
vn -0.4384 0.0594 0.8968
vn -0.4946 0.0707 0.8663
vn -0.5496 0.0819 0.8314
vn -0.6031 0.0929 0.7922
vn -0.6549 0.1037 0.7485
vn -0.6550 0.1037 0.7485
vn -0.7046 0.1142 0.7003
vn -0.7517 0.1243 0.6476
vn -0.7959 0.1340 0.5905
vn -0.8365 0.1431 0.5290
vn -0.8731 0.1516 0.4634
vn -0.9052 0.1594 0.3939
vn -0.9323 0.1663 0.3211
vn -0.9540 0.1723 0.2454
vn -0.9698 0.1772 0.1675
vn -0.9795 0.1810 0.0879
vn -0.9830 0.1837 0.0075
vn -0.9800 0.1852 -0.0730
vn -0.9707 0.1854 -0.1528
vn -0.9553 0.1845 -0.2311
vn -0.9340 0.1824 -0.3073
vn -0.9072 0.1793 -0.3807
vn -0.8753 0.1751 -0.4508
vn -0.8389 0.1699 -0.5171
vn -0.7984 0.1639 -0.5794
vn -0.7544 0.1572 -0.6374
vn -0.7073 0.1497 -0.6909
vn -0.6576 0.1416 -0.7399
vn -0.6058 0.1331 -0.7844
vn -0.5521 0.1240 -0.8245
vn -0.4970 0.1146 -0.8601
vn -0.4408 0.1049 -0.8915
vn -0.3836 0.0949 -0.9186
vn -0.3257 0.0847 -0.9417
vn -0.2673 0.0742 -0.9607
vn -0.2673 0.0742 -0.9608
vn -0.2085 0.0636 -0.9760
vn -0.1494 0.0528 -0.9874
vn -0.0901 0.0419 -0.9951
vn -0.0307 0.0309 -0.9991
vn 0.0288 0.0198 -0.9994
vn 0.0881 0.0086 -0.9961
vn 0.1474 -0.0027 -0.9891
vn 0.2065 -0.0140 -0.9784
vn 0.2652 -0.0253 -0.9639
vn 0.3235 -0.0367 -0.9455
vn 0.3813 -0.0481 -0.9232
vn 0.4384 -0.0594 -0.8968
vn 0.4946 -0.0707 -0.8663
vn 0.5496 -0.0819 -0.8314
vn 0.6031 -0.0929 -0.7922
vn 0.6550 -0.1037 -0.7485
vn 0.6549 -0.1037 -0.7485
vn 0.7046 -0.1142 -0.7003
vn 0.7517 -0.1243 -0.6476
vn 0.7959 -0.1340 -0.5905
vn 0.8365 -0.1431 -0.5290
vn 0.8731 -0.1516 -0.4634
vn 0.9052 -0.1594 -0.3939
vn 0.9052 -0.1594 -0.3940
vn 0.9323 -0.1663 -0.3211
vn 0.9540 -0.1723 -0.2454
vn 0.9698 -0.1772 -0.1675
vn 0.9795 -0.1810 -0.0879
vn 0.9830 -0.1837 -0.0075
vn 0.9800 -0.1852 0.0730
vn 0.9707 -0.1854 0.1528
vn 0.9553 -0.1845 0.2311
vn 0.9340 -0.1824 0.3073
vn 0.9072 -0.1793 0.3807
vn 0.8753 -0.1751 0.4508
vn 0.8389 -0.1699 0.5171
vn 0.7984 -0.1639 0.5794
vn 0.7544 -0.1572 0.6374
vn 0.7073 -0.1497 0.6909
vn 0.6576 -0.1416 0.7399
vn 0.6058 -0.1331 0.7844
vn 0.6057 -0.1331 0.7844
vn 0.5521 -0.1240 0.8245
vn 0.4970 -0.1146 0.8601
vn 0.4408 -0.1049 0.8915
vn 0.3836 -0.0949 0.9186
vn 0.3257 -0.0847 0.9417
vn 0.2673 -0.0742 0.9607
vn 0.2085 -0.0636 0.9760
vn 0.1494 -0.0528 0.9874
vn 0.0901 -0.0419 0.9951
vn 0.0307 -0.0309 0.9991
vn -0.0288 -0.0198 0.9994
vn 0.1345 -0.0009 -0.9909
vn 0.9743 -0.1825 0.1324
vn -0.1345 0.0009 0.9909
vn -0.9743 0.1825 -0.1324
vn 0.9670 -0.1822 0.1780
vn 0.9670 -0.1822 0.1781
vn 0.9464 -0.1806 0.2678
vn 0.9181 -0.1775 0.3543
vn 0.8829 -0.1730 0.4365
vn 0.8417 -0.1672 0.5133
vn 0.7955 -0.1604 0.5843
vn 0.7956 -0.1604 0.5843
vn 0.7454 -0.1528 0.6489
vn 0.6922 -0.1444 0.7071
vn 0.6370 -0.1354 0.7589
vn 0.6369 -0.1354 0.7589
vn 0.5803 -0.1261 0.8046
vn 0.5229 -0.1165 0.8444
vn 0.4653 -0.1067 0.8787
vn 0.4082 -0.0969 0.9077
vn 0.4083 -0.0970 0.9077
vn 0.4081 -0.0969 0.9078
vn 0.4078 -0.0969 0.9079
vn 0.3507 -0.0869 0.9325
vn 0.2941 -0.0770 0.9527
vn 0.2382 -0.0671 0.9689
vn 0.1829 -0.0573 0.9815
vn 0.1830 -0.0573 0.9815
vn 0.1285 -0.0474 0.9906
vn 0.0747 -0.0377 0.9965
vn 0.0216 -0.0280 0.9994
vn -0.0309 -0.0183 0.9994
vn -0.0829 -0.0087 0.9965
vn -0.1857 0.0106 0.9826
vn -0.2366 0.0202 0.9714
vn -0.2872 0.0298 0.9574
vn -0.3376 0.0395 0.9405
vn -0.3879 0.0493 0.9204
vn -0.4379 0.0590 0.8971
vn -0.4878 0.0688 0.8702
vn -0.5374 0.0787 0.8397
vn -0.5373 0.0787 0.8397
vn -0.5865 0.0886 0.8051
vn -0.6350 0.0984 0.7662
vn -0.6827 0.1083 0.7227
vn -0.7291 0.1180 0.6742
vn -0.7738 0.1275 0.6205
vn -0.8162 0.1367 0.5614
vn -0.8556 0.1455 0.4967
vn -0.8913 0.1538 0.4264
vn -0.9225 0.1613 0.3508
vn -0.9225 0.1613 0.3507
vn -0.9481 0.1680 0.2701
vn -0.9673 0.1735 0.1850
vn -0.9793 0.1779 0.0964
vn -0.9835 0.1808 0.0055
vn -0.9794 0.1823 -0.0865
vn -0.9670 0.1822 -0.1781
vn -0.9670 0.1822 -0.1780
vn -0.9464 0.1806 -0.2678
vn -0.9181 0.1775 -0.3543
vn -0.8829 0.1730 -0.4364
vn -0.8830 0.1730 -0.4364
vn -0.8829 0.1730 -0.4365
vn -0.8417 0.1672 -0.5133
vn -0.7956 0.1604 -0.5843
vn -0.7955 0.1604 -0.5843
vn -0.7956 0.1604 -0.5842
vn -0.7454 0.1528 -0.6489
vn -0.6922 0.1444 -0.7071
vn -0.6370 0.1354 -0.7589
vn -0.6369 0.1354 -0.7589
vn -0.5803 0.1261 -0.8046
vn -0.5229 0.1165 -0.8444
vn -0.4653 0.1067 -0.8787
vn -0.4078 0.0969 -0.9079
vn -0.3507 0.0869 -0.9325
vn -0.2941 0.0770 -0.9527
vn -0.2382 0.0671 -0.9689
vn -0.1830 0.0573 -0.9815
vn -0.1829 0.0573 -0.9815
vn -0.1285 0.0474 -0.9906
vn -0.0747 0.0377 -0.9965
vn -0.0216 0.0280 -0.9994
vn 0.0309 0.0183 -0.9994
vn 0.0829 0.0087 -0.9965
vn 0.1857 -0.0106 -0.9826
vn 0.2366 -0.0202 -0.9714
vn 0.2872 -0.0298 -0.9574
vn 0.3376 -0.0395 -0.9405
vn 0.3879 -0.0493 -0.9204
vn 0.4379 -0.0590 -0.8971
vn 0.4878 -0.0688 -0.8702
vn 0.5373 -0.0787 -0.8397
vn 0.5374 -0.0787 -0.8397
vn 0.5865 -0.0886 -0.8051
vn 0.6350 -0.0984 -0.7662
vn 0.6827 -0.1083 -0.7227
vn 0.7291 -0.1180 -0.6742
vn 0.7738 -0.1275 -0.6205
vn 0.8162 -0.1367 -0.5614
vn 0.8556 -0.1455 -0.4967
vn 0.8913 -0.1538 -0.4265
vn 0.8913 -0.1538 -0.4264
vn 0.9225 -0.1613 -0.3508
vn 0.9225 -0.1613 -0.3507
vn 0.9481 -0.1680 -0.2701
vn 0.9673 -0.1736 -0.1850
vn 0.9793 -0.1779 -0.0964
vn 0.9835 -0.1808 -0.0055
vn 0.9794 -0.1823 0.0865
vn 0.1805 0.9833 0.0236
vn 0.8830 -0.1730 0.4364
vn 0.8829 -0.1730 0.4364
vn 0.8418 -0.1672 0.5133
vn 0.7956 -0.1604 0.5842
vn -0.9673 0.1736 0.1850
vn -0.0842 -0.8610 -0.5016
vn -0.0558 -0.8671 -0.4950
vn -0.0278 -0.8734 -0.4863
vn -0.0279 -0.8734 -0.4863
vn -0.0005 -0.8798 -0.4754
vn 0.0261 -0.8863 -0.4623
vn 0.0262 -0.8863 -0.4623
vn 0.0520 -0.8930 -0.4471
vn 0.0769 -0.8996 -0.4299
vn 0.1008 -0.9062 -0.4106
vn 0.1236 -0.9128 -0.3894
vn 0.1450 -0.9191 -0.3663
vn 0.1651 -0.9253 -0.3414
vn 0.1650 -0.9253 -0.3414
vn 0.1836 -0.9312 -0.3149
vn 0.2005 -0.9368 -0.2868
vn 0.2157 -0.9420 -0.2572
vn 0.2291 -0.9467 -0.2264
vn 0.2406 -0.9509 -0.1944
vn 0.2502 -0.9546 -0.1614
vn 0.2576 -0.9578 -0.1277
vn 0.2630 -0.9603 -0.0933
vn 0.2663 -0.9621 -0.0585
vn 0.2674 -0.9633 -0.0235
vn 0.2663 -0.9638 0.0116
vn 0.2631 -0.9636 0.0464
vn 0.2578 -0.9628 0.0809
vn 0.2503 -0.9613 0.1148
vn 0.2409 -0.9592 0.1480
vn 0.2294 -0.9565 0.1801
vn 0.2294 -0.9565 0.1802
vn 0.2161 -0.9533 0.2112
vn 0.2009 -0.9495 0.2410
vn 0.1840 -0.9453 0.2694
vn 0.1655 -0.9406 0.2963
vn 0.1455 -0.9357 0.3215
vn 0.1241 -0.9304 0.3449
vn 0.1015 -0.9249 0.3665
vn 0.0776 -0.9192 0.3862
vn 0.0528 -0.9133 0.4038
vn 0.0527 -0.9133 0.4038
vn 0.0270 -0.9074 0.4194
vn 0.0004 -0.9015 0.4329
vn -0.0269 -0.8955 0.4442
vn -0.0548 -0.8896 0.4534
vn -0.0831 -0.8839 0.4603
vn -0.0831 -0.8838 0.4603
vn -0.1118 -0.8782 0.4651
vn -0.1407 -0.8727 0.4676
vn -0.1696 -0.8674 0.4678
vn -0.1697 -0.8674 0.4678
vn -0.1986 -0.8623 0.4659
vn -0.1987 -0.8623 0.4659
vn -0.2275 -0.8574 0.4617
vn -0.2562 -0.8527 0.4553
vn -0.2845 -0.8483 0.4466
vn -0.2844 -0.8483 0.4466
vn -0.3122 -0.8442 0.4358
vn -0.3123 -0.8441 0.4358
vn -0.3394 -0.8403 0.4228
vn -0.3659 -0.8366 0.4077
vn -0.3915 -0.8332 0.3905
vn -0.4161 -0.8301 0.3712
vn -0.4396 -0.8272 0.3500
vn -0.4618 -0.8245 0.3270
vn -0.4619 -0.8245 0.3270
vn -0.4827 -0.8220 0.3021
vn -0.5021 -0.8198 0.2755
vn -0.5198 -0.8177 0.2473
vn -0.5357 -0.8158 0.2177
vn -0.5358 -0.8158 0.2177
vn -0.5498 -0.8141 0.1867
vn -0.5620 -0.8126 0.1546
vn -0.5720 -0.8112 0.1215
vn -0.5800 -0.8099 0.0876
vn -0.5857 -0.8088 0.0531
vn -0.5892 -0.8078 0.0181
vn -0.5892 -0.8077 0.0181
vn -0.5905 -0.8069 -0.0170
vn -0.5894 -0.8061 -0.0522
vn -0.5861 -0.8055 -0.0872
vn -0.5805 -0.8051 -0.1218
vn -0.5728 -0.8048 -0.1559
vn -0.5728 -0.8048 -0.1558
vn -0.5629 -0.8046 -0.1891
vn -0.5628 -0.8046 -0.1891
vn -0.5509 -0.8047 -0.2214
vn -0.5369 -0.8050 -0.2525
vn -0.5211 -0.8055 -0.2824
vn -0.5210 -0.8055 -0.2824
vn -0.5034 -0.8062 -0.3108
vn -0.4842 -0.8072 -0.3377
vn -0.4634 -0.8085 -0.3629
vn -0.4412 -0.8100 -0.3863
vn -0.4177 -0.8119 -0.4078
vn -0.3931 -0.8141 -0.4274
vn -0.3675 -0.8167 -0.4450
vn -0.3410 -0.8196 -0.4605
vn -0.3138 -0.8228 -0.4738
vn -0.2859 -0.8264 -0.4850
vn -0.2576 -0.8304 -0.4941
vn -0.2289 -0.8347 -0.5009
vn -0.2000 -0.8393 -0.5055
vn -0.1709 -0.8443 -0.5079
vn -0.1419 -0.8496 -0.5080
vn -0.1129 -0.8552 -0.5059
vn -0.1733 -0.9847 0.0191
vn -0.1776 -0.9839 0.0212
vn -0.1785 -0.9837 -0.0228
vn -0.1831 -0.9828 0.0233
vn -0.1784 -0.9837 -0.0227
vn -0.1892 -0.9817 0.0242
vn -0.2029 -0.9792 0.0037
vn -0.1789 -0.9836 -0.0224
vn -0.1794 -0.9835 -0.0226
vn -0.1790 -0.9836 -0.0226
vn -0.1781 -0.9838 -0.0224
vn -0.1922 -0.9807 -0.0364
vn -0.1789 -0.9836 -0.0229
vn -0.1935 -0.9791 -0.0621
vn -0.1784 -0.9837 -0.0222
vn -0.1808 -0.9809 -0.0722
vn -0.1748 -0.9821 -0.0699
vn -0.1696 -0.9833 -0.0664
vn -0.1652 -0.9843 -0.0621
vn -0.1617 -0.9852 -0.0574
vn -0.1541 -0.9872 -0.0404
vn -0.1727 -0.9816 -0.0820
vn -0.3780 -0.9232 -0.0690
vn -0.2923 -0.9563 -0.0017
vn -0.1885 -0.9814 0.0348
vn -0.1594 -0.9872 0.0060
vn -0.1706 -0.9852 0.0175
vn -0.1721 -0.9849 0.0187
vn -0.1049 -0.9937 -0.0388
vn -0.1790 -0.9836 -0.0224
vn -0.1791 -0.9836 -0.0225
vn -0.1794 -0.9835 -0.0225
vn -0.1787 -0.9836 -0.0228
vn -0.1783 -0.9837 -0.0227
vn -0.0776 -0.9968 0.0203
vn 0.3236 -0.0367 -0.9455
vn 0.9540 -0.1723 -0.2455
vn 0.7544 -0.1572 0.6373
vn 0.6576 -0.1417 0.7399
vn 0.3257 -0.0846 0.9417
vn -0.6032 0.0929 0.7922
vn -0.9052 0.1594 0.3940
vn -0.1809 -0.9832 -0.0236
vn -0.1810 -0.9832 -0.0236
vn -0.1807 -0.9833 -0.0236
vn -0.1808 -0.9832 -0.0236
vn -0.1811 -0.9832 -0.0236
vn -0.1813 -0.9832 -0.0237
vn -0.9835 0.1810 -0.0031
vn -0.9835 0.1810 -0.0030
vn -0.9541 0.1696 0.2468
vn -0.8728 0.1494 0.4647
vn -0.7584 0.1242 0.6398
vn -0.6273 0.0969 0.7727
vn -0.4892 0.0691 0.8694
vn -0.3485 0.0416 0.9364
vn -0.2063 0.0145 0.9784
vn -0.0619 -0.0126 0.9980
vn 0.0863 -0.0398 0.9955
vn 0.2397 -0.0674 0.9685
vn 0.3986 -0.0953 0.9122
vn 0.5604 -0.1228 0.8191
vn 0.7173 -0.1483 0.6808
vn 0.8538 -0.1689 0.4925
vn 0.9487 -0.1808 0.2596
vn 0.9487 -0.1808 0.2595
vn 0.9835 -0.1810 0.0031
vn 0.9835 -0.1810 0.0030
vn 0.9541 -0.1696 -0.2467
vn 0.8728 -0.1494 -0.4647
vn 0.7584 -0.1242 -0.6398
vn 0.6273 -0.0969 -0.7727
vn 0.4892 -0.0691 -0.8694
vn 0.4892 -0.0691 -0.8695
vn 0.3485 -0.0416 -0.9364
vn 0.2063 -0.0145 -0.9784
vn 0.0619 0.0126 -0.9980
vn -0.0863 0.0398 -0.9955
vn -0.2397 0.0674 -0.9685
vn -0.3986 0.0953 -0.9122
vn -0.5604 0.1228 -0.8191
vn -0.7173 0.1483 -0.6808
vn -0.8538 0.1689 -0.4925
vn -0.9487 0.1808 -0.2596
vn -0.9487 0.1808 -0.2595
vn -0.9541 0.1696 0.2467
vn 0.7173 -0.1484 0.6808
vn 0.9541 -0.1696 -0.2468
s 1
f 1//1 2//1 3//1
f 3//1 4//2 5//3
f 5//3 6//4 7//1
f 7//1 8//5 9//1
f 9//1 10//1 11//1
f 11//1 12//3 13//6
f 13//6 14//7 15//1
f 15//1 16//8 17//1
f 17//1 18//9 19//1
f 19//1 20//10 21//1
f 21//1 22//4 23//1
f 23//1 24//11 25//1
f 25//1 26//1 27//1
f 27//1 28//10 29//1
f 29//1 30//12 31//1
f 31//1 32//13 33//6
f 33//6 34//14 35//1
f 35//1 36//3 37//1
f 37//1 38//1 39//1
f 39//1 40//12 41//1
f 41//1 42//6 43//1
f 43//1 44//2 45//1
f 45//1 46//1 47//1
f 47//1 48//12 49//1
f 49//1 50//15 51//1
f 51//1 52//16 53//1
f 53//1 54//10 55//1
f 55//1 56//10 57//1
f 57//1 58//17 59//1
f 59//1 60//1 61//1
f 61//1 62//1 63//1
f 63//1 64//8 65//4
f 65//4 66//18 67//1
f 67//1 68//6 69//1
f 69//1 70//18 71//1
f 71//1 72//1 73//1
f 73//1 74//19 75//1
f 75//1 76//20 77//1
f 77//1 78//3 79//1
f 79//1 80//21 81//6
f 81//6 82//22 83//1
f 83//1 84//23 85//16
f 86//1 87//3 88//12
f 83//1 85//16 86//1
f 79//1 81//6 83//1
f 75//1 77//1 79//1
f 71//1 73//1 75//1
f 67//1 69//1 71//1
f 63//1 65//4 67//1
f 59//1 61//1 63//1
f 55//1 57//1 59//1
f 51//1 53//1 55//1
f 47//1 49//1 51//1
f 43//1 45//1 47//1
f 39//1 41//1 43//1
f 35//1 37//1 39//1
f 31//1 33//6 35//1
f 27//1 29//1 31//1
f 23//1 25//1 27//1
f 19//1 21//1 23//1
f 15//1 17//1 19//1
f 11//1 13//6 15//1
f 7//1 9//1 11//1
f 3//1 5//3 7//1
f 89//1 1//1 3//1
f 90//1 89//1 3//1
f 79//1 83//1 86//1
f 86//1 88//12 91//1
f 91//1 92//1 93//1
f 91//1 93//1 94//1
f 90//1 3//1 7//1
f 95//1 90//1 7//1
f 86//1 91//1 94//1
f 86//1 94//1 96//1
f 95//1 7//1 11//1
f 97//24 95//1 11//1
f 86//1 96//1 98//1
f 98//25 99//26 100//27
f 86//1 98//1 100//1
f 101//1 97//24 11//1
f 102//1 101//1 11//1
f 86//1 100//1 103//6
f 86//1 103//6 104//1
f 105//1 102//1 11//1
f 106//1 105//1 11//1
f 79//1 86//1 104//1
f 79//1 104//1 107//13
f 106//1 11//1 15//1
f 108//6 106//1 15//1
f 79//1 107//13 109//1
f 79//1 109//1 110//1
f 111//1 108//6 15//1
f 112//1 111//1 15//1
f 79//1 110//1 113//1
f 79//1 113//1 114//1
f 112//1 15//1 19//1
f 115//28 112//1 19//1
f 75//1 79//1 114//1
f 75//1 114//1 116//4
f 117//4 115//28 19//1
f 118//1 117//4 19//1
f 75//1 116//4 119//1
f 75//1 119//1 120//1
f 121//1 118//1 19//1
f 122//6 121//1 19//1
f 71//1 75//1 120//1
f 71//1 120//1 123//29
f 122//6 19//1 23//1
f 124//4 122//6 23//1
f 71//1 123//29 125//18
f 71//1 125//18 126//1
f 127//4 124//4 23//1
f 128//1 127//4 23//1
f 71//1 126//1 129//1
f 71//1 129//1 130//1
f 128//1 23//1 27//1
f 131//30 128//1 27//1
f 67//1 71//1 130//1
f 67//1 130//1 132//6
f 133//6 131//30 27//1
f 134//1 133//6 27//1
f 67//1 132//6 135//1
f 67//1 135//1 136//1
f 137//1 134//1 27//1
f 138//1 137//1 27//1
f 63//1 67//1 136//1
f 63//1 136//1 139//18
f 138//1 27//1 31//1
f 140//4 138//1 31//1
f 63//1 139//18 141//1
f 63//1 141//1 142//1
f 143//6 140//4 31//1
f 144//1 143//6 31//1
f 63//1 142//1 145//1
f 63//1 145//1 146//1
f 144//1 31//1 35//1
f 147//31 144//1 35//1
f 59//1 63//1 146//1
f 59//1 146//1 148//1
f 149//6 147//31 35//1
f 150//1 149//6 35//1
f 59//1 148//1 151//6
f 59//1 151//6 152//1
f 153//1 150//1 35//1
f 154//1 153//1 35//1
f 55//1 59//1 152//1
f 55//1 152//1 155//32
f 154//1 35//1 39//1
f 156//1 154//1 39//1
f 55//1 155//32 157//1
f 55//1 157//1 158//1
f 159//1 156//1 39//1
f 160//1 159//1 39//1
f 55//1 158//1 161//1
f 55//1 161//1 162//1
f 160//1 39//1 43//1
f 163//33 160//1 43//1
f 51//1 55//1 162//1
f 51//1 162//1 164//1
f 165//1 163//33 43//1
f 166//1 165//1 43//1
f 51//1 164//1 167//1
f 51//1 167//1 168//1
f 169//1 166//1 43//1
f 170//1 169//1 43//1
f 47//1 51//1 168//1
f 47//1 168//1 171//34
f 170//1 43//1 47//1
f 172//1 170//1 47//1
f 47//1 171//34 173//6
f 47//1 173//6 174//1
f 175//1 172//1 47//1
f 47//1 174//1 176//1
f 47//1 176//1 175//1
f 93//1 92//1 177//1
f 177//1 178//1 179//1
f 179//1 3//1 2//1
f 179//1 2//1 180//1
f 93//1 177//1 179//1
f 181//12 93//1 179//1
f 179//1 180//1 182//1
f 179//1 182//1 181//12
f 183//35 184//36 185//37
f 183//35 185//37 186//38
f 187//39 183//40 186//41
f 187//39 186//41 188//42
f 189//43 187//44 188//45
f 189//43 188//45 190//46
f 191//47 189//48 190//49
f 191//47 190//49 192//50
f 193//51 191//52 192//53
f 193//51 192//53 194//54
f 195//55 193//56 194//57
f 195//55 194//57 196//58
f 197//59 195//60 196//61
f 197//59 196//61 198//62
f 199//63 197//64 198//65
f 199//63 198//65 200//66
f 201//67 199//68 200//69
f 201//67 200//69 202//70
f 203//71 201//72 202//73
f 203//71 202//73 204//74
f 205//75 203//76 204//77
f 205//75 204//77 206//78
f 207//79 205//80 206//81
f 207//79 206//81 208//82
f 209//83 207//84 208//85
f 209//83 208//85 210//86
f 211//87 209//88 210//89
f 211//87 210//89 212//90
f 213//91 211//92 212//93
f 213//91 212//93 214//94
f 215//95 213//96 214//97
f 215//95 214//97 216//98
f 217//99 215//100 216//101
f 217//99 216//101 218//102
f 219//103 217//104 218//105
f 219//103 218//105 220//106
f 221//107 219//108 220//109
f 221//107 220//109 222//110
f 223//111 221//112 222//113
f 223//111 222//113 224//114
f 225//115 223//116 224//117
f 225//115 224//117 226//118
f 227//119 225//120 226//121
f 227//119 226//121 228//122
f 229//123 227//124 228//125
f 229//123 228//125 230//126
f 231//127 229//128 230//129
f 231//127 230//129 232//130
f 233//131 231//132 232//133
f 233//131 232//133 234//134
f 235//135 233//136 234//137
f 235//135 234//137 236//138
f 237//139 235//140 236//141
f 237//139 236//141 238//142
f 239//143 237//144 238//145
f 239//143 238//145 240//146
f 241//147 239//148 240//149
f 241//147 240//149 242//150
f 243//151 241//152 242//153
f 243//151 242//153 244//154
f 245//155 243//156 244//157
f 245//155 244//157 246//158
f 247//159 245//160 246//161
f 247//159 246//161 248//162
f 249//163 247//164 248//165
f 249//163 248//165 250//166
f 251//167 249//168 250//169
f 251//167 250//169 252//170
f 253//171 251//172 252//173
f 253//171 252//173 254//174
f 255//175 253//176 254//177
f 255//175 254//177 256//178
f 257//179 255//180 256//181
f 257//179 256//181 258//182
f 259//183 257//184 258//185
f 259//183 258//185 260//186
f 261//187 259//188 260//189
f 261//187 260//189 262//190
f 263//191 261//192 262//193
f 263//191 262//193 264//194
f 265//195 263//196 264//197
f 265//195 264//197 266//198
f 267//199 268//200 269//201
f 267//199 269//201 270//202
f 271//203 267//204 270//205
f 271//203 270//205 272//206
f 273//207 271//207 272//208
f 273//207 272//208 274//209
f 275//210 273//211 274//212
f 275//210 274//212 276//213
f 277//214 275//215 276//216
f 277//214 276//216 278//217
f 279//218 277//219 278//220
f 279//218 278//220 280//221
f 281//222 279//223 280//224
f 281//222 280//224 282//225
f 283//226 281//227 282//228
f 283//226 282//228 284//229
f 285//230 283//231 284//232
f 285//230 284//232 286//233
f 287//234 285//235 286//236
f 287//234 286//236 288//237
f 289//238 287//239 288//240
f 289//238 288//240 290//241
f 291//242 289//243 290//244
f 291//242 290//244 292//245
f 293//246 291//247 292//248
f 293//246 292//248 294//249
f 295//250 293//251 294//252
f 295//250 294//252 296//253
f 297//254 295//255 296//256
f 297//254 296//256 298//257
f 299//258 297//259 298//260
f 299//258 298//260 300//261
f 301//262 299//263 300//264
f 301//262 300//264 302//265
f 303//266 301//267 302//268
f 303//266 302//268 304//269
f 305//270 303//271 304//272
f 305//270 304//272 306//273
f 307//274 305//275 306//276
f 307//274 306//276 308//277
f 309//278 307//279 308//280
f 309//278 308//280 310//281
f 311//282 309//283 310//284
f 311//282 310//284 312//285
f 313//286 311//287 312//288
f 313//286 312//288 314//289
f 315//290 313//291 314//292
f 315//290 314//292 316//293
f 317//294 315//295 316//296
f 317//294 316//296 318//297
f 319//298 317//299 318//300
f 319//298 318//300 320//301
f 321//302 319//303 320//304
f 321//302 320//304 322//305
f 323//306 321//307 322//308
f 323//306 322//308 324//309
f 325//310 323//311 324//312
f 325//310 324//312 326//313
f 327//314 325//315 326//316
f 327//314 326//316 328//317
f 329//318 327//319 328//320
f 329//318 328//320 330//321
f 331//322 329//323 330//324
f 331//322 330//324 332//325
f 333//326 331//327 332//328
f 333//326 332//328 334//329
f 335//330 333//331 334//332
f 335//330 334//332 336//333
f 337//334 335//335 336//336
f 337//334 336//336 338//337
f 339//338 337//339 338//340
f 339//338 338//340 340//341
f 341//342 339//343 340//344
f 341//342 340//344 342//345
f 343//346 341//347 342//348
f 343//346 342//348 344//349
f 345//350 343//351 344//352
f 345//350 344//352 346//353
f 347//354 345//355 346//356
f 347//354 346//356 348//357
f 349//358 347//359 348//360
f 349//358 348//360 350//361
f 351//362 349//363 350//364
f 351//362 350//364 352//365
f 353//366 351//367 352//368
f 353//366 352//368 354//369
f 355//370 353//371 354//372
f 355//370 354//372 356//373
f 357//374 355//375 356//376
f 357//374 356//376 358//377
f 359//378 357//379 358//380
f 359//378 358//380 360//381
f 361//382 359//383 360//384
f 361//382 360//384 362//385
f 363//386 361//387 362//388
f 363//386 362//388 364//389
f 184//390 363//391 364//392
f 184//390 364//392 185//393
f 268//394 265//195 266//198
f 268//394 266//198 269//395
f 365//396 366//396 367//396
f 365//396 367//396 368//397
f 369//396 365//396 368//397
f 369//396 368//397 370//397
f 371//396 372//396 373//396
f 373//396 369//396 370//397
f 373//396 370//397 374//396
f 373//396 374//396 375//396
f 373//396 375//396 376//398
f 373//396 376//398 377//396
f 373//396 377//396 378//396
f 373//396 378//396 379//397
f 373//396 379//397 380//396
f 373//396 380//396 381//396
f 373//396 381//396 382//396
f 373//396 382//396 383//397
f 373//396 383//397 384//396
f 373//396 384//396 385//396
f 373//396 385//396 386//396
f 371//396 373//396 386//396
f 371//396 386//396 387//396
f 388//396 371//396 387//396
f 388//396 387//396 389//397
f 390//396 388//396 389//397
f 390//396 389//397 391//397
f 392//396 393//396 394//399
f 394//399 390//396 391//397
f 394//399 391//397 395//397
f 392//396 394//399 395//397
f 392//396 395//397 396//396
f 397//396 398//396 399//396
f 392//396 396//396 400//396
f 401//396 397//396 399//396
f 392//396 400//396 402//398
f 401//396 399//396 392//396
f 403//396 401//396 392//396
f 392//396 402//398 404//396
f 392//396 404//396 405//400
f 406//396 403//396 392//396
f 407//398 406//396 392//396
f 392//396 405//400 408//401
f 392//396 408//401 409//396
f 410//396 407//398 392//396
f 411//397 410//396 392//396
f 392//396 409//396 412//399
f 392//396 412//399 413//399
f 414//397 411//397 392//396
f 415//396 414//397 392//396
f 392//396 413//399 416//402
f 392//396 416//402 417//396
f 418//396 415//396 392//396
f 419//396 418//396 392//396
f 420//396 419//396 392//396
f 421//396 420//396 392//396
f 421//396 392//396 417//396
f 422//396 421//396 417//396
f 422//396 417//396 423//396
f 424//396 422//396 423//396
f 425//397 424//396 423//396
f 426//397 425//397 423//396
f 427//397 426//397 423//396
f 428//403 427//397 423//396
f 428//403 423//396 429//396
f 430//396 428//403 429//396
f 431//396 430//396 429//396
f 432//396 431//396 429//396
f 433//396 432//396 429//396
f 434//396 433//396 429//396
f 435//396 434//396 429//396
f 436//402 435//396 429//396
f 436//402 429//396 437//396
f 438//396 436//402 437//396
f 439//398 438//396 437//396
f 440//399 439//398 437//396
f 441//396 440//399 437//396
f 442//397 441//396 437//396
f 443//396 442//397 437//396
f 444//397 443//396 437//396
f 262//396 445//396 446//396
f 266//396 264//396 262//396
f 270//396 269//398 266//396
f 274//396 272//398 270//396
f 278//396 276//396 274//396
f 282//396 280//397 278//396
f 286//396 284//397 282//396
f 290//396 288//398 286//396
f 294//396 292//398 290//396
f 298//396 296//396 294//396
f 302//398 300//404 298//396
f 306//396 304//396 302//398
f 310//396 308//396 306//396
f 314//396 312//396 310//396
f 318//396 316//396 314//396
f 322//396 320//396 318//396
f 326//396 324//396 322//396
f 330//396 328//396 326//396
f 334//396 332//399 330//396
f 338//396 336//400 334//396
f 342//396 340//396 338//396
f 346//396 344//400 342//396
f 350//397 348//398 346//396
f 354//396 352//396 350//397
f 358//397 356//396 354//396
f 362//396 360//396 358//397
f 185//396 364//396 362//396
f 188//396 186//396 185//396
f 192//396 190//396 188//396
f 196//396 194//396 192//396
f 447//402 198//396 196//396
f 448//396 447//402 196//396
f 196//396 192//396 188//396
f 188//396 185//396 362//396
f 362//396 358//397 354//396
f 354//396 350//397 346//396
f 346//396 342//396 338//396
f 338//396 334//396 330//396
f 330//396 326//396 322//396
f 322//396 318//396 314//396
f 314//396 310//396 306//396
f 306//396 302//398 298//396
f 298//396 294//396 290//396
f 290//396 286//396 282//396
f 282//396 278//396 274//396
f 274//396 270//396 266//396
f 266//396 262//396 446//396
f 266//396 446//396 449//396
f 282//396 274//396 266//396
f 298//396 290//396 282//396
f 314//396 306//396 298//396
f 330//396 322//396 314//396
f 346//396 338//396 330//396
f 362//396 354//396 346//396
f 196//396 188//396 362//396
f 450//396 448//396 196//396
f 451//396 450//396 196//396
f 196//396 362//396 346//396
f 346//396 330//396 314//396
f 314//396 298//396 282//396
f 266//396 449//396 452//396
f 266//396 452//396 453//396
f 314//396 282//396 266//396
f 454//397 451//396 196//396
f 455//397 454//397 196//396
f 266//396 453//396 456//397
f 266//396 456//397 457//397
f 458//396 455//397 196//396
f 459//396 458//396 196//396
f 266//396 457//397 460//396
f 266//396 460//396 461//396
f 462//396 459//396 196//396
f 463//396 462//396 196//396
f 266//396 461//396 464//396
f 266//396 464//396 465//396
f 466//397 463//396 196//396
f 467//396 466//397 196//396
f 266//396 465//396 468//396
f 266//396 468//396 469//397
f 470//396 467//396 196//396
f 471//396 470//396 196//396
f 266//396 469//397 472//396
f 266//396 472//396 473//396
f 474//397 471//396 196//396
f 475//397 474//397 196//396
f 266//396 473//396 476//396
f 266//396 476//396 477//397
f 478//396 475//397 196//396
f 479//396 478//396 196//396
f 266//396 477//397 480//396
f 266//396 480//396 481//396
f 482//397 479//396 196//396
f 483//396 482//397 196//396
f 266//396 481//396 484//396
f 266//396 484//396 485//396
f 486//396 483//396 196//396
f 487//396 486//396 196//396
f 266//396 485//396 488//396
f 266//396 488//396 489//397
f 487//396 196//396 346//396
f 490//396 487//396 346//396
f 266//396 489//397 491//397
f 266//396 491//397 492//398
f 493//396 490//396 346//396
f 494//396 493//396 346//396
f 266//396 492//398 495//396
f 266//396 495//396 496//403
f 497//396 494//396 346//396
f 498//396 497//396 346//396
f 266//396 496//403 499//398
f 266//396 499//398 500//397
f 501//396 498//396 346//396
f 502//396 501//396 346//396
f 314//396 266//396 500//397
f 314//396 500//397 503//397
f 504//396 502//396 346//396
f 505//396 504//396 346//396
f 314//396 503//397 506//396
f 314//396 506//396 507//397
f 508//396 505//396 346//396
f 509//396 508//396 346//396
f 314//396 507//397 510//403
f 314//396 510//403 511//396
f 512//396 509//396 346//396
f 513//396 512//396 346//396
f 314//396 511//396 514//396
f 314//396 514//396 515//397
f 516//396 513//396 346//396
f 517//396 516//396 346//396
f 314//396 515//397 518//396
f 314//396 518//396 519//396
f 520//396 517//396 346//396
f 521//396 520//396 346//396
f 314//396 519//396 522//396
f 314//396 522//396 523//396
f 521//396 346//396 314//396
f 524//396 521//396 314//396
f 314//396 523//396 525//396
f 314//396 525//396 444//397
f 526//396 524//396 314//396
f 527//396 526//396 314//396
f 314//396 444//397 437//396
f 314//396 437//396 528//396
f 529//396 527//396 314//396
f 314//396 528//396 530//396
f 530//396 529//396 314//396
f 228//396 226//397 224//396
f 224//396 222//399 220//396
f 220//396 218//396 216//396
f 216//396 214//396 212//396
f 212//396 210//396 208//396
f 208//396 206//399 204//397
f 204//397 202//404 200//396
f 200//396 198//396 447//402
f 200//396 447//402 531//396
f 208//396 204//397 200//396
f 216//396 212//396 208//396
f 224//396 220//396 216//396
f 230//396 228//396 224//396
f 234//397 232//396 230//396
f 238//396 236//396 234//397
f 242//397 240//396 238//396
f 246//396 244//397 242//397
f 250//396 248//397 246//396
f 254//396 252//399 250//396
f 258//396 256//404 254//396
f 262//396 260//396 258//396
f 532//397 445//396 262//396
f 533//397 532//397 262//396
f 262//396 258//396 254//396
f 254//396 250//396 246//396
f 246//396 242//397 238//396
f 238//396 234//397 230//396
f 230//396 224//396 216//396
f 216//396 208//396 200//396
f 200//396 531//396 534//397
f 200//396 534//397 535//396
f 230//396 216//396 200//396
f 246//396 238//396 230//396
f 262//396 254//396 246//396
f 536//397 533//397 262//396
f 537//398 536//397 262//396
f 262//396 246//396 230//396
f 230//396 200//396 535//396
f 230//396 535//396 538//396
f 537//398 262//396 230//396
f 539//396 537//398 230//396
f 230//396 538//396 540//396
f 230//396 540//396 541//396
f 542//397 539//396 230//396
f 543//396 542//397 230//396
f 230//396 541//396 544//396
f 230//396 544//396 545//396
f 546//396 543//396 230//396
f 547//397 546//396 230//396
f 230//396 545//396 548//396
f 230//396 548//396 549//396
f 550//397 547//397 230//396
f 551//396 550//397 230//396
f 230//396 549//396 552//396
f 230//396 552//396 553//396
f 554//396 551//396 230//396
f 555//397 554//396 230//396
f 230//396 553//396 556//396
f 556//396 367//396 366//396
f 556//396 366//396 557//396
f 555//397 230//396 556//396
f 558//404 555//397 556//396
f 556//396 557//396 559//396
f 559//396 397//396 401//396
f 559//396 401//396 560//397
f 558//404 556//396 559//396
f 561//396 558//404 559//396
f 559//396 560//397 562//396
f 559//396 562//396 563//397
f 564//396 561//396 559//396
f 559//396 563//397 564//396
f 45//405 184//405 183//405
f 45//405 183//405 46//405
f 44//406 363//406 184//406
f 44//406 184//406 45//406
f 46//407 183//407 187//407
f 46//407 187//407 47//407
f 47//408 187//408 189//408
f 47//408 189//408 48//408
f 48//409 189//409 191//409
f 48//409 191//409 49//410
f 49//411 191//411 193//411
f 49//411 193//411 50//411
f 50//412 193//412 195//412
f 50//412 195//412 51//412
f 51//413 195//413 197//413
f 51//413 197//413 52//413
f 52//414 197//414 199//414
f 52//414 199//414 53//414
f 53//415 199//415 201//415
f 53//415 201//415 54//415
f 54//416 201//417 203//417
f 54//416 203//417 55//416
f 55//418 203//418 205//418
f 55//418 205//418 56//418
f 56//419 205//419 207//419
f 56//419 207//419 57//419
f 57//420 207//420 209//420
f 57//420 209//420 58//420
f 58//421 209//421 211//421
f 58//421 211//421 59//421
f 59//422 211//422 213//422
f 59//422 213//422 60//422
f 60//423 213//423 215//423
f 60//423 215//423 61//423
f 61//424 215//424 217//424
f 61//424 217//424 62//424
f 62//425 217//425 219//425
f 62//425 219//425 63//425
f 63//426 219//426 221//426
f 63//426 221//426 64//426
f 64//427 221//427 223//427
f 64//427 223//427 65//427
f 65//428 223//428 225//428
f 65//428 225//428 66//428
f 66//429 225//429 227//429
f 66//429 227//429 67//429
f 67//430 227//430 229//430
f 67//430 229//430 68//430
f 68//431 229//431 231//431
f 68//431 231//431 69//431
f 69//432 231//432 233//432
f 69//432 233//432 70//432
f 70//433 233//433 235//433
f 70//433 235//433 71//433
f 71//434 235//434 237//434
f 71//434 237//434 72//434
f 72//435 237//435 239//435
f 72//435 239//435 73//435
f 73//436 239//436 241//436
f 73//436 241//436 74//436
f 74//437 241//437 243//437
f 74//437 243//437 75//437
f 75//438 243//438 245//438
f 75//438 245//438 76//438
f 76//439 245//439 247//439
f 76//439 247//439 77//439
f 77//440 247//440 249//440
f 77//440 249//440 78//440
f 78//441 249//441 251//441
f 78//441 251//441 79//441
f 79//442 251//442 253//442
f 79//442 253//442 80//442
f 80//443 253//443 255//443
f 80//443 255//443 81//443
f 81//444 255//444 257//444
f 81//444 257//444 82//444
f 82//445 257//445 259//445
f 82//445 259//445 83//445
f 83//446 259//447 261//446
f 83//446 261//446 84//446
f 84//448 261//448 263//448
f 84//448 263//448 85//448
f 85//449 263//449 265//449
f 85//449 265//449 86//449
f 87//450 268//450 267//450
f 87//450 267//450 88//450
f 86//449 265//449 268//449
f 86//449 268//449 87//449
f 88//451 267//451 271//451
f 88//451 271//451 91//451
f 91//452 271//452 273//452
f 91//452 273//452 92//452
f 92//453 273//453 275//453
f 92//453 275//453 177//453
f 177//454 275//454 277//454
f 177//454 277//454 178//454
f 178//455 277//455 279//455
f 178//455 279//455 179//455
f 179//456 279//456 281//456
f 179//456 281//456 3//456
f 3//457 281//457 283//457
f 3//457 283//457 4//457
f 4//458 283//458 285//458
f 4//458 285//458 5//458
f 5//459 285//459 287//459
f 5//459 287//459 6//459
f 6//460 287//460 289//460
f 6//460 289//460 7//460
f 7//461 289//461 291//461
f 7//461 291//461 8//461
f 8//462 291//462 293//462
f 8//462 293//462 9//462
f 9//463 293//464 295//463
f 9//463 295//463 10//463
f 10//465 295//465 297//465
f 10//465 297//465 11//465
f 11//466 297//466 299//466
f 11//466 299//466 12//466
f 12//467 299//467 301//467
f 12//467 301//467 13//467
f 13//468 301//468 303//468
f 13//468 303//468 14//468
f 14//469 303//469 305//469
f 14//469 305//469 15//469
f 15//470 305//471 307//470
f 15//470 307//470 16//470
f 16//472 307//472 309//472
f 16//472 309//472 17//472
f 17//473 309//473 311//473
f 17//473 311//473 18//473
f 18//474 311//474 313//474
f 18//474 313//474 19//474
f 19//475 313//475 315//475
f 19//475 315//475 20//475
f 20//476 315//476 317//476
f 20//476 317//476 21//476
f 21//477 317//477 319//477
f 21//477 319//477 22//477
f 22//478 319//478 321//478
f 22//478 321//478 23//478
f 23//479 321//479 323//479
f 23//479 323//479 24//479
f 24//480 323//480 325//480
f 24//480 325//480 25//480
f 25//481 325//481 327//481
f 25//481 327//481 26//481
f 26//482 327//482 329//482
f 26//482 329//482 27//482
f 27//483 329//483 331//483
f 27//483 331//483 28//483
f 28//484 331//484 333//484
f 28//484 333//484 29//484
f 29//485 333//485 335//485
f 29//485 335//485 30//485
f 30//486 335//486 337//486
f 30//486 337//486 31//486
f 31//487 337//487 339//487
f 31//487 339//487 32//487
f 32//488 339//489 341//488
f 32//488 341//488 33//488
f 33//490 341//490 343//490
f 33//490 343//490 34//490
f 34//491 343//491 345//491
f 34//491 345//491 35//491
f 35//492 345//492 347//492
f 35//492 347//492 36//492
f 36//493 347//493 349//493
f 36//493 349//493 37//493
f 37//494 349//494 351//494
f 37//494 351//494 38//494
f 38//495 351//495 353//495
f 38//495 353//495 39//495
f 39//496 353//496 355//496
f 39//496 355//496 40//496
f 40//497 355//497 357//497
f 40//497 357//497 41//497
f 41//498 357//498 359//498
f 41//498 359//498 42//498
f 42//499 359//499 361//499
f 42//499 361//499 43//499
f 43//500 361//500 363//500
f 43//500 363//500 44//500
f 371//501 565//501 566//501
f 371//501 566//501 372//501
f 567//501 366//501 365//501
f 567//501 365//501 568//501
f 569//502 557//502 366//502
f 569//502 366//502 567//502
f 570//502 397//502 559//502
f 570//502 559//502 571//502
f 571//502 559//502 557//502
f 571//502 557//502 569//502
f 397//503 570//503 572//503
f 397//503 572//503 398//503
f 573//503 394//503 393//503
f 573//503 393//503 574//503
f 575//504 390//504 394//504
f 575//504 394//504 573//504
f 565//504 371//504 388//504
f 565//504 388//504 576//504
f 576//504 388//504 390//504
f 576//504 390//504 575//504
f 577//505 578//505 534//506
f 577//505 534//506 531//506
f 578//507 579//507 535//507
f 578//507 535//507 534//507
f 579//508 580//508 538//508
f 579//508 538//508 535//508
f 580//509 581//509 540//509
f 580//509 540//509 538//509
f 581//510 582//510 541//510
f 581//510 541//510 540//510
f 582//511 583//511 544//512
f 582//511 544//512 541//512
f 583//513 584//513 545//513
f 583//513 545//513 544//513
f 584//514 585//514 548//514
f 584//514 548//514 545//514
f 585//515 586//516 549//515
f 585//515 549//515 548//515
f 586//517 587//517 552//517
f 586//517 552//517 549//517
f 587//518 588//518 553//518
f 587//518 553//518 552//518
f 588//519 589//519 556//519
f 588//519 556//519 553//519
f 367//520 556//521 589//522
f 589//522 590//523 368//523
f 367//520 589//522 368//523
f 590//524 591//524 370//524
f 590//524 370//524 368//524
f 591//525 592//525 374//525
f 591//525 374//525 370//525
f 592//526 593//526 375//526
f 592//526 375//526 374//526
f 593//527 594//527 376//528
f 593//527 376//528 375//528
f 594//529 595//529 377//529
f 594//529 377//529 376//529
f 595//530 596//530 378//530
f 595//530 378//530 377//530
f 596//531 597//531 379//531
f 596//531 379//531 378//531
f 597//532 598//532 380//532
f 597//532 380//532 379//532
f 598//533 599//533 381//533
f 598//533 381//533 380//533
f 599//503 600//503 382//503
f 599//503 382//503 381//503
f 600//534 601//534 383//534
f 600//534 383//534 382//534
f 601//535 602//535 384//535
f 601//535 384//535 383//535
f 602//536 603//536 385//536
f 602//536 385//536 384//536
f 603//537 604//537 386//537
f 603//537 386//537 385//537
f 604//538 605//538 387//538
f 604//538 387//538 386//538
f 605//539 606//539 389//539
f 605//539 389//539 387//539
f 606//540 607//540 391//540
f 606//540 391//540 389//540
f 607//541 608//542 395//541
f 607//541 395//541 391//541
f 608//543 609//543 396//543
f 608//543 396//543 395//543
f 609//544 610//544 400//544
f 609//544 400//544 396//544
f 610//545 611//545 402//545
f 610//545 402//545 400//545
f 611//546 612//546 404//546
f 611//546 404//546 402//546
f 612//547 613//547 405//547
f 612//547 405//547 404//547
f 405//548 613//548 614//548
f 405//548 614//548 408//548
f 408//549 614//549 615//549
f 408//549 615//549 409//549
f 409//550 615//550 616//550
f 409//550 616//550 412//550
f 412//551 616//551 617//551
f 412//551 617//551 413//552
f 413//553 617//553 618//553
f 413//553 618//553 416//553
f 416//554 618//554 619//554
f 416//554 619//554 417//554
f 417//555 619//555 620//555
f 417//555 620//555 423//555
f 423//556 620//556 621//556
f 423//556 621//556 429//556
f 429//557 621//557 622//557
f 429//557 622//557 437//557
f 437//558 622//558 623//558
f 437//558 623//558 528//559
f 528//560 623//560 624//560
f 528//560 624//560 530//560
f 530//561 624//561 625//561
f 530//561 625//561 529//561
f 529//562 625//563 626//563
f 529//562 626//563 527//564
f 527//565 626//565 627//565
f 527//565 627//565 526//565
f 526//566 627//567 628//567
f 526//566 628//567 524//568
f 524//569 628//569 629//569
f 524//569 629//569 521//569
f 521//570 629//570 630//570
f 521//570 630//570 520//570
f 520//571 630//572 631//571
f 520//571 631//571 517//571
f 517//573 631//573 632//573
f 517//573 632//573 516//573
f 516//574 632//574 633//574
f 516//574 633//574 513//574
f 513//575 633//575 634//575
f 513//575 634//575 512//575
f 512//576 634//576 635//576
f 512//576 635//576 509//576
f 509//577 635//577 636//577
f 509//577 636//577 508//577
f 508//578 636//578 637//578
f 508//578 637//578 505//578
f 505//579 637//579 638//579
f 505//579 638//579 504//579
f 504//580 638//581 639//581
f 504//580 639//581 502//580
f 502//582 639//582 640//582
f 502//582 640//582 501//582
f 501//583 640//583 641//583
f 501//583 641//583 498//583
f 498//584 641//584 642//584
f 498//584 642//584 497//584
f 497//585 642//585 643//585
f 497//585 643//585 494//585
f 494//586 643//586 644//586
f 494//586 644//586 493//586
f 493//501 644//501 645//501
f 493//501 645//501 490//501
f 490//587 645//587 646//587
f 490//587 646//587 487//587
f 487//588 646//588 647//588
f 487//588 647//588 486//588
f 486//589 647//589 648//589
f 486//589 648//589 483//589
f 483//590 648//590 649//590
f 483//590 649//590 482//590
f 482//591 649//591 650//591
f 482//591 650//591 479//591
f 479//592 650//592 651//592
f 479//592 651//592 478//592
f 478//593 651//593 652//593
f 478//593 652//593 475//593
f 475//594 652//595 653//595
f 475//594 653//595 474//594
f 474//596 653//596 654//596
f 474//596 654//596 471//596
f 471//597 654//597 655//597
f 471//597 655//597 470//597
f 470//598 655//598 656//598
f 470//598 656//598 467//598
f 467//599 656//599 657//599
f 467//599 657//599 466//599
f 466//600 657//600 658//600
f 466//600 658//600 463//600
f 658//601 659//601 462//601
f 658//601 462//601 463//601
f 659//602 660//602 459//602
f 659//602 459//602 462//602
f 660//603 661//603 458//604
f 660//603 458//604 459//604
f 661//605 662//605 455//605
f 661//605 455//605 458//606
f 662//607 663//607 454//607
f 662//607 454//607 455//607
f 663//608 664//608 451//608
f 663//608 451//608 454//608
f 664//609 665//609 450//609
f 664//609 450//609 451//609
f 665//610 666//610 448//610
f 665//610 448//610 450//610
f 447//611 448//611 666//611
f 666//611 577//611 531//611
f 447//611 666//611 531//611
f 623//397 622//396 621//397
f 621//397 620//397 619//396
f 619//396 618//396 617//398
f 617//398 616//396 615//397
f 615//397 614//398 613//404
f 613//404 612//398 611//396
f 611//396 610//396 609//396
f 609//396 608//396 607//396
f 607//396 606//397 605//397
f 605//397 604//396 603//396
f 603//396 602//404 601//396
f 601//396 600//396 599//396
f 599//396 598//401 597//396
f 597//396 596//396 595//396
f 595//396 594//396 593//401
f 593//401 592//397 591//397
f 591//397 590//397 589//396
f 589//396 588//396 587//396
f 587//396 586//397 585//397
f 585//397 584//396 583//396
f 583//396 582//396 581//397
f 581//397 580//396 579//396
f 579//396 578//396 577//396
f 577//396 666//396 665//396
f 665//396 664//396 663//396
f 663//396 662//396 661//396
f 661//396 660//397 659//401
f 659//401 658//396 657//396
f 657//396 656//397 655//396
f 655//396 654//397 653//396
f 653//396 652//396 651//397
f 651//397 650//396 649//396
f 649//396 648//398 647//398
f 647//398 646//397 645//396
f 645//396 644//396 643//396
f 643//396 642//396 641//396
f 641//396 640//396 639//396
f 639//396 638//396 637//396
f 637//396 636//398 635//404
f 635//404 634//398 633//396
f 633//396 632//396 631//396
f 631//396 630//396 629//396
f 629//396 628//396 627//612
f 627//612 626//396 625//396
f 625//396 624//396 623//397
f 623//397 621//397 619//396
f 619//396 617//398 615//397
f 615//397 613//404 611//396
f 611//396 609//396 607//396
f 607//396 605//397 603//396
f 603//396 601//396 599//396
f 599//396 597//396 595//396
f 595//396 593//401 591//397
f 591//397 589//396 587//396
f 587//396 585//397 583//396
f 583//396 581//397 579//396
f 579//396 577//396 665//396
f 665//396 663//396 661//396
f 661//396 659//401 657//396
f 657//396 655//396 653//396
f 653//396 651//397 649//396
f 649//396 647//398 645//396
f 645//396 643//396 641//396
f 641//396 639//396 637//396
f 637//396 635//404 633//396
f 633//396 631//396 629//396
f 629//396 627//612 625//396
f 625//396 623//397 619//396
f 619//396 615//397 611//396
f 611//396 607//396 603//396
f 603//396 599//396 595//396
f 595//396 591//397 587//396
f 587//396 583//396 579//396
f 579//396 665//396 661//396
f 661//396 657//396 653//396
f 653//396 649//396 645//396
f 645//396 641//396 637//396
f 637//396 633//396 629//396
f 629//396 625//396 619//396
f 619//396 611//396 603//396
f 603//396 595//396 587//396
f 587//396 579//396 661//396
f 661//396 653//396 645//396
f 645//396 637//396 629//396
f 629//396 619//396 603//396
f 603//396 587//396 661//396
f 661//396 645//396 629//396
f 603//396 661//396 629//396
f 667//506 668//506 537//505
f 667//506 537//505 539//505
f 668//507 669//507 536//507
f 668//507 536//507 537//507
f 669//508 670//508 533//508
f 669//508 533//508 536//508
f 670//613 671//613 532//614
f 670//613 532//614 533//509
f 445//615 532//510 671//510
f 671//510 672//510 446//615
f 445//615 671//510 446//615
f 672//511 673//511 449//512
f 672//511 449//512 446//616
f 673//513 674//513 452//513
f 673//513 452//513 449//513
f 674//514 675//514 453//514
f 674//514 453//514 452//514
f 675//515 676//516 456//515
f 675//515 456//515 453//515
f 676//517 677//517 457//517
f 676//517 457//517 456//517
f 677//518 678//518 460//518
f 677//518 460//518 457//518
f 678//519 679//519 461//519
f 678//519 461//519 460//519
f 679//523 680//523 464//523
f 679//523 464//523 461//523
f 680//524 681//524 465//524
f 680//524 465//524 464//524
f 681//525 682//525 468//525
f 681//525 468//525 465//525
f 682//526 683//526 469//526
f 682//526 469//526 468//526
f 683//527 684//527 472//528
f 683//527 472//528 469//528
f 684//529 685//529 473//529
f 684//529 473//529 472//529
f 685//530 686//530 476//530
f 685//530 476//530 473//530
f 686//531 687//531 477//531
f 686//531 477//531 476//531
f 687//532 688//532 480//532
f 687//532 480//532 477//532
f 688//533 689//533 481//533
f 688//533 481//533 480//533
f 689//503 690//503 484//503
f 689//503 484//503 481//503
f 690//534 691//534 485//534
f 690//534 485//534 484//534
f 691//535 692//535 488//535
f 691//535 488//535 485//535
f 692//536 693//536 489//536
f 692//536 489//536 488//536
f 693//537 694//537 491//537
f 693//537 491//537 489//537
f 694//538 695//538 492//538
f 694//538 492//538 491//538
f 695//539 696//539 495//539
f 695//539 495//539 492//539
f 696//540 697//540 496//540
f 696//540 496//540 495//540
f 697//542 698//542 499//542
f 697//542 499//542 496//542
f 698//543 699//543 500//543
f 698//543 500//543 499//543
f 699//544 700//544 503//544
f 699//544 503//544 500//544
f 700//545 701//545 506//545
f 700//545 506//545 503//545
f 701//546 702//546 507//546
f 701//546 507//546 506//546
f 702//547 703//547 510//547
f 702//547 510//547 507//547
f 510//548 703//548 704//548
f 510//548 704//548 511//548
f 511//549 704//549 705//549
f 511//549 705//549 514//549
f 514//550 705//550 706//550
f 514//550 706//550 515//550
f 515//551 706//551 707//551
f 515//551 707//551 518//552
f 518//553 707//553 708//553
f 518//553 708//553 519//553
f 519//554 708//617 709//617
f 519//554 709//617 522//554
f 522//555 709//555 710//555
f 522//555 710//555 523//555
f 523//556 710//556 711//556
f 523//556 711//556 525//556
f 525//557 711//557 712//557
f 525//557 712//557 444//557
f 444//558 712//559 713//559
f 444//558 713//559 443//558
f 443//560 713//560 714//560
f 443//560 714//560 442//560
f 442//561 714//561 715//561
f 442//561 715//561 441//561
f 441//564 715//564 716//564
f 441//564 716//564 440//564
f 440//565 716//565 717//565
f 440//565 717//565 439//565
f 439//566 717//567 718//567
f 439//566 718//567 438//568
f 438//569 718//569 719//569
f 438//569 719//569 436//569
f 436//570 719//570 720//570
f 436//570 720//570 435//570
f 435//571 720//572 721//571
f 435//571 721//571 434//571
f 434//573 721//573 722//573
f 434//573 722//573 433//573
f 433//574 722//574 723//574
f 433//574 723//574 432//574
f 432//575 723//575 724//575
f 432//575 724//575 431//575
f 431//576 724//576 725//576
f 431//576 725//576 430//576
f 430//577 725//577 726//577
f 430//577 726//577 428//577
f 428//578 726//578 727//578
f 428//578 727//578 427//578
f 427//579 727//579 728//579
f 427//579 728//579 426//579
f 426//580 728//581 729//581
f 426//580 729//581 425//580
f 425//582 729//582 730//582
f 425//582 730//582 424//582
f 424//583 730//583 731//583
f 424//583 731//583 422//583
f 422//584 731//584 732//584
f 422//584 732//584 421//584
f 421//585 732//585 733//585
f 421//585 733//585 420//585
f 420//586 733//586 734//586
f 420//586 734//586 419//586
f 419//501 734//501 735//501
f 419//501 735//501 418//501
f 418//587 735//587 736//587
f 418//587 736//587 415//587
f 415//588 736//588 737//588
f 415//588 737//588 414//588
f 414//589 737//589 738//589
f 414//589 738//589 411//589
f 411//590 738//590 739//590
f 411//590 739//590 410//590
f 410//591 739//591 740//591
f 410//591 740//591 407//591
f 407//592 740//592 741//592
f 407//592 741//592 406//592
f 406//593 741//593 742//593
f 406//593 742//593 403//593
f 401//595 403//595 742//595
f 742//595 743//594 560//594
f 742//595 560//594 401//595
f 560//596 743//596 744//596
f 560//596 744//596 562//596
f 562//597 744//597 745//597
f 562//597 745//597 563//597
f 563//598 745//598 746//598
f 563//598 746//598 564//598
f 564//599 746//599 747//599
f 564//599 747//599 561//599
f 561//600 747//600 748//600
f 561//600 748//600 558//600
f 748//601 749//601 555//601
f 748//601 555//601 558//601
f 749//602 750//602 554//602
f 749//602 554//602 555//602
f 750//603 751//603 551//604
f 750//603 551//604 554//604
f 751//605 752//605 550//605
f 751//605 550//605 551//606
f 752//607 753//607 547//607
f 752//607 547//607 550//607
f 753//608 754//608 546//608
f 753//608 546//608 547//608
f 754//609 755//609 543//609
f 754//609 543//609 546//609
f 755//610 756//610 542//610
f 755//610 542//610 543//610
f 756//611 667//611 539//611
f 756//611 539//611 542//611
f 714//396 713//396 712//396
f 712//396 711//396 710//396
f 710//396 709//396 708//396
f 708//396 707//396 706//396
f 706//396 705//397 704//404
f 704//404 703//396 702//396
f 702//396 701//398 700//401
f 700//401 699//396 698//396
f 698//396 697//396 696//398
f 696//398 695//396 694//396
f 694//396 693//397 692//397
f 692//397 691//398 690//396
f 690//396 689//396 688//396
f 688//396 687//396 686//396
f 686//396 685//397 684//396
f 684//396 683//396 682//397
f 682//397 681//396 680//396
f 680//396 679//397 678//396
f 678//396 677//397 676//396
f 676//396 675//396 674//396
f 674//396 673//396 672//397
f 672//397 671//397 670//396
f 670//396 669//396 668//398
f 668//398 667//396 756//396
f 756//396 755//396 754//397
f 754//397 753//396 752//396
f 752//396 751//396 750//404
f 750//404 749//397 748//397
f 748//397 747//397 746//396
f 746//396 745//396 744//396
f 744//396 743//396 742//398
f 742//398 741//396 740//396
f 740//396 739//397 738//396
f 738//396 737//401 736//396
f 736//396 735//396 734//396
f 734//396 733//404 732//396
f 732//396 731//396 730//396
f 730//396 729//397 728//396
f 728//396 727//398 726//404
f 726//404 725//396 724//396
f 724//396 723//396 722//396
f 722//396 721//397 720//396
f 720//396 719//397 718//397
f 718//397 717//396 716//396
f 716//396 715//396 714//396
f 714//396 712//396 710//396
f 710//396 708//396 706//396
f 706//396 704//404 702//396
f 702//396 700//401 698//396
f 698//396 696//398 694//396
f 694//396 692//397 690//396
f 690//396 688//396 686//396
f 686//396 684//396 682//397
f 682//397 680//396 678//396
f 678//396 676//396 674//396
f 674//396 672//397 670//396
f 670//396 668//398 756//396
f 756//396 754//397 752//396
f 752//396 750//404 748//397
f 748//397 746//396 744//396
f 744//396 742//398 740//396
f 740//396 738//396 736//396
f 736//396 734//396 732//396
f 732//396 730//396 728//396
f 728//396 726//404 724//396
f 724//396 722//396 720//396
f 720//396 718//397 716//396
f 716//396 714//396 710//396
f 710//396 706//396 702//396
f 702//396 698//396 694//396
f 694//396 690//396 686//396
f 686//396 682//397 678//396
f 678//396 674//396 670//396
f 670//396 756//396 752//396
f 752//396 748//397 744//396
f 744//396 740//396 736//396
f 736//396 732//396 728//396
f 728//396 724//396 720//396
f 720//396 716//396 710//396
f 710//396 702//396 694//396
f 694//396 686//396 678//396
f 678//396 670//396 752//396
f 752//396 744//396 736//396
f 736//396 728//396 720//396
f 720//396 710//396 694//396
f 694//396 678//396 752//396
f 752//396 736//396 720//396
f 694//396 752//396 720//396
f 757//618 758//618 759//618
f 757//618 759//618 760//618
f 761//619 757//619 760//619
f 761//619 760//619 762//619
f 763//620 761//620 762//621
f 763//620 762//621 764//621
f 765//622 763//622 764//622
f 765//622 764//622 766//622
f 767//623 765//623 766//624
f 767//623 766//624 768//624
f 769//625 767//625 768//625
f 769//625 768//625 770//625
f 771//626 769//626 770//626
f 771//626 770//626 772//626
f 773//627 771//627 772//627
f 773//627 772//627 774//627
f 775//628 773//628 774//628
f 775//628 774//628 776//628
f 777//629 775//629 776//629
f 777//629 776//629 778//629
f 779//630 777//630 778//631
f 779//630 778//631 780//631
f 779//632 780//632 781//632
f 779//632 781//632 782//632
f 782//633 781//633 783//633
f 782//633 783//633 784//633
f 784//634 783//634 785//634
f 784//634 785//634 786//634
f 786//635 785//635 787//635
f 786//635 787//635 788//635
f 788//636 787//636 789//636
f 788//636 789//636 790//636
f 790//637 789//637 791//637
f 790//637 791//637 792//637
f 792//638 791//638 793//638
f 792//638 793//638 794//638
f 794//639 793//639 795//639
f 794//639 795//639 796//639
f 797//640 796//640 795//640
f 797//640 795//640 798//640
f 799//641 797//641 798//641
f 799//641 798//641 800//641
f 801//642 799//642 800//642
f 801//642 800//642 802//642
f 803//643 801//643 802//643
f 803//643 802//643 804//643
f 805//644 803//644 804//644
f 805//644 804//644 806//644
f 807//645 805//645 806//645
f 807//645 806//645 808//645
f 809//646 807//646 808//646
f 809//646 808//646 810//646
f 811//647 809//647 810//648
f 811//647 810//648 812//648
f 813//649 811//649 812//649
f 813//649 812//649 814//649
f 815//650 813//650 814//650
f 815//650 814//650 816//650
f 817//651 815//651 816//651
f 817//651 816//651 818//651
f 819//652 817//652 818//652
f 819//652 818//652 820//652
f 821//653 819//653 820//653
f 821//653 820//653 822//653
f 823//654 821//654 822//654
f 823//654 822//654 824//654
f 825//655 823//655 824//655
f 825//655 824//655 826//655
f 825//656 826//656 827//656
f 825//656 827//656 828//656
f 828//657 827//658 829//658
f 828//657 829//658 830//657
f 830//659 829//659 831//659
f 830//659 831//659 832//659
f 832//660 831//660 833//660
f 832//660 833//660 834//660
f 834//661 833//661 835//661
f 834//661 835//661 836//661
f 836//662 835//662 837//662
f 836//662 837//662 838//662
f 838//663 837//664 839//663
f 838//663 839//663 840//663
f 841//665 842//665 843//665
f 841//665 843//665 844//665
f 845//666 841//666 844//666
f 845//666 844//666 846//666
f 847//667 845//667 846//668
f 847//667 846//668 848//668
f 849//669 847//670 848//669
f 849//669 848//669 850//669
f 851//671 849//671 850//671
f 851//671 850//671 852//671
f 853//672 851//672 852//672
f 853//672 852//672 854//672
f 855//673 853//673 854//674
f 855//673 854//674 856//674
f 857//675 855//675 856//676
f 857//675 856//676 858//676
f 859//677 857//677 858//677
f 859//677 858//677 860//677
f 861//678 859//678 860//678
f 861//678 860//678 862//678
f 863//679 861//679 862//679
f 863//679 862//679 864//679
f 865//680 863//680 864//680
f 865//680 864//680 866//680
f 867//681 865//681 866//681
f 867//681 866//681 868//681
f 869//682 867//682 868//683
f 869//682 868//683 870//683
f 871//684 869//684 870//684
f 871//684 870//684 872//684
f 871//685 872//685 873//685
f 871//685 873//685 874//685
f 874//686 873//686 875//686
f 874//686 875//686 876//686
f 876//687 875//688 877//687
f 876//687 877//687 878//687
f 878//689 877//689 879//689
f 878//689 879//689 880//689
f 880//690 879//690 881//690
f 880//690 881//690 882//690
f 882//691 881//691 883//691
f 882//691 883//691 884//691
f 884//692 883//692 885//692
f 884//692 885//692 886//692
f 886//693 885//693 887//693
f 886//693 887//693 888//693
f 888//694 887//695 889//695
f 888//694 889//695 890//694
f 890//696 889//696 891//696
f 890//696 891//696 892//696
f 892//697 891//697 893//697
f 892//697 893//697 894//697
f 895//698 894//698 893//698
f 895//698 893//698 896//698
f 897//699 895//699 896//699
f 897//699 896//699 898//699
f 899//700 897//700 898//701
f 899//700 898//701 900//701
f 901//702 899//702 900//703
f 901//702 900//703 902//703
f 903//704 901//704 902//704
f 903//704 902//704 904//704
f 905//705 903//705 904//705
f 905//705 904//705 906//705
f 907//706 905//706 906//707
f 907//706 906//707 908//707
f 909//708 907//708 908//708
f 909//708 908//708 910//708
f 911//709 909//709 910//709
f 911//709 910//709 912//709
f 913//710 911//710 912//710
f 913//710 912//710 914//710
f 915//711 913//711 914//711
f 915//711 914//711 916//711
f 917//712 915//712 916//712
f 917//712 916//712 918//712
f 917//713 918//713 919//713
f 917//713 919//713 920//713
f 920//714 919//714 921//714
f 920//714 921//714 922//714
f 922//715 921//715 923//715
f 922//715 923//715 924//715
f 924//716 923//716 925//716
f 924//716 925//716 926//716
f 926//717 925//717 927//717
f 926//717 927//717 928//717
f 928//718 927//718 929//718
f 928//718 929//718 930//718
f 930//719 929//719 931//719
f 930//719 931//719 932//719
f 932//720 931//720 933//720
f 932//720 933//720 934//720
f 934//721 933//721 935//721
f 934//721 935//721 936//721
f 936//722 935//722 937//722
f 936//722 937//722 938//722
f 938//723 937//723 759//723
f 938//723 759//723 758//723
f 840//663 839//663 843//663
f 840//663 843//663 842//663
f 842//724 841//6 845//725
f 845//725 847//726 849//727
f 849//727 851//728 853//729
f 853//729 855//2 857//730
f 857//730 859//18 861//2
f 861//2 863//30 865//1
f 865//1 867//18 869//1
f 869//1 871//731 874//1
f 874//1 876//29 878//6
f 878//6 880//6 882//1
f 882//1 884//16 886//9
f 886//9 888//732 890//1
f 890//1 892//14 894//18
f 894//18 895//733 897//1
f 897//1 899//14 901//6
f 901//6 903//14 905//1
f 905//1 907//731 909//1
f 909//1 911//734 913//1
f 913//1 915//28 917//1
f 917//1 920//18 922//735
f 922//735 924//736 926//3
f 926//3 928//18 930//737
f 930//737 932//738 934//739
f 934//739 936//1 938//740
f 938//740 758//3 757//741
f 757//741 761//21 763//742
f 763//742 765//16 767//743
f 767//743 769//21 771//744
f 771//744 939//745 940//746
f 941//747 942//748 836//749
f 767//743 771//744 940//746
f 941//747 836//749 838//750
f 763//742 767//743 940//746
f 941//747 838//750 840//751
f 757//741 763//742 940//746
f 941//747 840//751 842//724
f 938//740 757//741 940//746
f 941//747 842//724 845//725
f 934//739 938//740 940//746
f 941//747 845//725 849//727
f 930//737 934//739 940//746
f 941//747 849//727 853//729
f 930//737 940//746 941//747
f 922//735 926//3 930//737
f 913//1 917//1 922//735
f 905//1 909//1 913//1
f 897//1 901//6 905//1
f 890//1 894//18 897//1
f 882//1 886//9 890//1
f 874//1 878//6 882//1
f 865//1 869//1 874//1
f 857//730 861//2 865//1
f 941//747 853//729 857//730
f 922//735 930//737 941//747
f 905//1 913//1 922//735
f 890//1 897//1 905//1
f 874//1 882//1 890//1
f 857//730 865//1 874//1
f 922//735 941//747 857//730
f 890//1 905//1 922//735
f 857//730 874//1 890//1
f 857//730 890//1 922//735
f 943//752 939//745 771//744
f 771//744 773//13 775//1
f 775//1 777//753 779//1
f 779//1 782//754 784//1
f 784//1 786//755 788//1
f 788//1 790//9 792//1
f 792//1 794//1 796//1
f 796//1 797//1 799//18
f 799//18 801//1 803//1
f 803//1 805//4 807//4
f 807//4 809//734 811//1
f 811//1 813//733 815//4
f 815//4 817//734 819//1
f 819//1 821//18 823//1
f 823//1 825//6 828//1
f 828//1 830//756 832//3
f 832//3 834//757 836//749
f 836//749 942//748 944//758
f 944//758 943//752 771//744
f 771//744 775//1 779//1
f 779//1 784//1 788//1
f 788//1 792//1 796//1
f 796//1 799//18 803//1
f 803//1 807//4 811//1
f 811//1 815//4 819//1
f 819//1 823//1 828//1
f 828//1 832//3 836//749
f 836//749 944//758 771//744
f 771//744 779//1 788//1
f 788//1 796//1 803//1
f 803//1 811//1 819//1
f 819//1 828//1 836//749
f 836//749 771//744 788//1
f 788//1 803//1 819//1
f 788//1 819//1 836//749
f 175//454 760//454 759//454
f 175//454 759//454 172//454
f 172//453 759//453 937//453
f 172//453 937//453 170//453
f 176//455 762//455 760//455
f 176//455 760//455 175//455
f 174//456 764//456 762//456
f 174//456 762//456 176//456
f 173//457 766//457 764//457
f 173//457 764//457 174//759
f 171//458 768//458 766//458
f 171//458 766//458 173//458
f 168//459 770//459 768//459
f 168//459 768//459 171//459
f 167//460 772//460 770//460
f 167//460 770//460 168//460
f 164//461 774//461 772//461
f 164//461 772//461 167//461
f 162//462 776//462 774//462
f 162//462 774//462 164//462
f 161//463 778//463 776//463
f 161//463 776//463 162//463
f 158//465 780//465 778//465
f 158//465 778//465 161//465
f 157//466 781//466 780//466
f 157//466 780//466 158//466
f 155//467 783//467 781//467
f 155//467 781//467 157//467
f 152//468 785//468 783//468
f 152//468 783//468 155//468
f 151//469 787//469 785//469
f 151//469 785//469 152//469
f 789//471 787//471 151//471
f 789//471 151//471 148//470
f 146//472 791//472 789//472
f 146//472 789//472 148//472
f 145//473 793//473 791//473
f 145//473 791//473 146//760
f 142//474 795//474 793//474
f 142//474 793//474 145//474
f 141//475 798//475 795//475
f 141//475 795//475 142//475
f 800//476 798//476 141//476
f 800//476 141//476 139//476
f 802//477 800//477 139//477
f 802//477 139//477 136//477
f 135//478 804//478 802//478
f 135//478 802//478 136//478
f 806//479 804//479 135//479
f 806//479 135//479 132//479
f 130//480 808//480 806//480
f 130//480 806//480 132//480
f 129//481 810//481 808//481
f 129//481 808//481 130//481
f 126//482 812//482 810//482
f 126//482 810//482 129//482
f 125//483 814//483 812//483
f 125//483 812//483 126//483
f 123//484 816//484 814//484
f 123//484 814//484 125//484
f 120//485 818//485 816//485
f 120//485 816//485 123//761
f 119//486 820//486 818//486
f 119//486 818//486 120//486
f 822//487 820//487 119//487
f 822//487 119//487 116//762
f 114//488 824//488 822//488
f 114//488 822//488 116//488
f 113//490 826//490 824//490
f 113//490 824//490 114//490
f 110//491 827//491 826//491
f 110//491 826//491 113//491
f 109//492 829//492 827//492
f 109//492 827//492 110//492
f 107//493 831//493 829//493
f 107//493 829//493 109//493
f 833//494 831//494 107//494
f 833//494 107//494 104//763
f 103//495 835//495 833//495
f 103//495 833//495 104//495
f 100//496 837//496 835//496
f 100//496 835//496 103//496
f 99//497 839//497 837//497
f 99//497 837//497 100//497
f 96//498 844//498 843//498
f 96//498 843//498 98//498
f 98//497 843//497 839//497
f 98//497 839//497 99//497
f 94//499 846//499 844//499
f 94//499 844//499 96//499
f 93//500 848//500 846//500
f 93//500 846//500 94//500
f 181//406 850//406 848//406
f 181//406 848//406 93//406
f 182//405 852//405 850//405
f 182//405 850//405 181//405
f 854//407 852//407 182//407
f 854//407 182//407 180//407
f 2//408 856//408 854//408
f 2//408 854//408 180//408
f 1//409 858//409 856//409
f 1//409 856//409 2//409
f 89//411 860//411 858//411
f 89//411 858//411 1//411
f 90//412 862//412 860//412
f 90//412 860//412 89//412
f 864//413 862//413 90//413
f 864//413 90//413 95//413
f 866//414 864//414 95//414
f 866//414 95//414 97//414
f 101//415 868//764 866//415
f 101//415 866//415 97//415
f 870//416 868//416 101//416
f 870//416 101//416 102//416
f 105//418 872//418 870//418
f 105//418 870//418 102//418
f 106//419 873//419 872//419
f 106//419 872//419 105//419
f 108//420 875//420 873//420
f 108//420 873//420 106//420
f 111//421 877//421 875//421
f 111//421 875//421 108//421
f 112//422 879//422 877//422
f 112//422 877//422 111//422
f 115//423 881//423 879//423
f 115//423 879//423 112//765
f 117//424 883//424 881//424
f 117//424 881//424 115//424
f 118//425 885//425 883//425
f 118//425 883//425 117//425
f 121//426 887//426 885//426
f 121//426 885//426 118//426
f 122//427 889//427 887//427
f 122//427 887//427 121//427
f 124//428 891//428 889//428
f 124//428 889//428 122//428
f 127//429 893//429 891//429
f 127//429 891//429 124//429
f 128//430 896//430 893//430
f 128//430 893//430 127//430
f 131//431 898//431 896//431
f 131//431 896//431 128//431
f 133//432 900//432 898//432
f 133//432 898//432 131//432
f 134//433 902//433 900//433
f 134//433 900//433 133//433
f 137//434 904//434 902//434
f 137//434 902//434 134//434
f 138//435 906//435 904//435
f 138//435 904//435 137//435
f 140//436 908//436 906//436
f 140//436 906//436 138//436
f 143//437 910//437 908//437
f 143//437 908//437 140//437
f 144//438 912//438 910//438
f 144//438 910//438 143//438
f 147//439 914//439 912//439
f 147//439 912//439 144//439
f 149//440 916//440 914//440
f 149//440 914//440 147//440
f 150//441 918//441 916//441
f 150//441 916//441 149//441
f 153//442 919//442 918//442
f 153//442 918//442 150//442
f 154//443 921//443 919//443
f 154//443 919//443 153//443
f 156//444 923//444 921//444
f 156//444 921//444 154//444
f 159//445 925//445 923//445
f 159//445 923//445 156//445
f 160//446 927//446 925//446
f 160//446 925//446 159//447
f 163//448 929//448 927//448
f 163//448 927//448 160//448
f 165//449 931//449 929//449
f 165//449 929//449 163//449
f 166//450 933//450 931//450
f 166//450 931//450 165//450
f 169//451 935//451 933//451
f 169//451 933//451 166//451
f 170//452 937//452 935//452
f 170//452 935//452 169//452
f 939//503 943//503 945//503
f 945//503 946//503 940//503
f 939//503 945//503 940//503
f 944//504 947//504 945//504
f 944//504 945//504 943//504
f 942//501 941//501 948//501
f 948//501 947//501 944//501
f 948//501 944//501 942//501
f 946//502 948//502 941//502
f 946//502 941//502 940//502
f 949//766 950//766 951//766
f 949//766 951//766 952//767
f 953//767 954//766 949//766
f 952//767 953//767 949//766
f 955//766 951//766 950//766
f 950//766 956//766 947//766
f 945//766 957//766 958//766
f 958//766 959//766 960//768
f 958//766 960//768 961//769
f 962//766 955//766 950//766
f 963//766 962//766 950//766
f 945//766 958//766 961//769
f 945//766 961//769 964//766
f 965//766 963//766 950//766
f 966//766 965//766 950//766
f 945//766 964//766 967//767
f 945//766 967//767 968//766
f 966//766 950//766 947//766
f 969//766 966//766 947//766
f 945//766 968//766 970//766
f 945//766 970//766 971//767
f 972//766 969//766 947//766
f 973//766 972//766 947//766
f 945//766 971//767 974//766
f 945//766 974//766 975//766
f 976//766 973//766 947//766
f 977//766 976//766 947//766
f 945//766 975//766 978//766
f 945//766 978//766 979//766
f 980//766 977//766 947//766
f 981//766 980//766 947//766
f 945//766 979//766 982//770
f 945//766 982//770 983//766
f 984//766 981//766 947//766
f 985//767 984//766 947//766
f 946//766 945//766 983//766
f 946//766 983//766 986//769
f 987//767 985//767 947//766
f 988//766 987//767 947//766
f 946//766 986//769 989//766
f 946//766 989//766 990//766
f 991//766 988//766 947//766
f 992//766 991//766 947//766
f 946//766 990//766 993//767
f 946//766 993//767 994//766
f 992//766 947//766 948//766
f 995//766 992//766 948//766
f 946//766 994//766 996//766
f 946//766 996//766 997//766
f 998//766 995//766 948//766
f 999//766 998//766 948//766
f 946//766 997//766 1000//767
f 1001//769 1002//769 1003//766
f 946//766 1000//767 1001//769
f 1004//766 999//766 948//766
f 1005//766 1004//766 948//766
f 946//766 1001//769 1003//766
f 949//766 954//766 1006//769
f 946//766 1003//766 949//766
f 1007//766 1005//766 948//766
f 1008//767 1007//766 948//766
f 948//766 946//766 949//766
f 949//766 1006//769 1009//766
f 1010//766 1008//767 948//766
f 949//766 1009//766 1010//766
f 948//766 949//766 1010//766
f 957//766 945//766 947//766
f 957//766 947//766 956//766
f 1011//771 959//766 958//766
f 1003//766 1002//769 1012//767
f 1003//766 1012//767 1013//766
f 1014//769 1011//771 958//766
f 1015//766 1014//769 958//766
f 1003//766 1013//766 1016//767
f 1003//766 1016//767 1017//767
f 1015//766 958//766 1003//766
f 1018//766 1015//766 1003//766
f 1003//766 1017//767 1019//766
f 1003//766 1019//766 1018//766
f 572//396 570//396 571//396
f 569//396 567//396 568//396
f 572//396 571//396 569//396
f 569//396 568//396 572//396
f 566//396 565//396 576//396
f 575//396 573//396 574//396
f 566//396 576//396 575//396
f 575//396 574//396 566//396
f 1020//772 1010//773 1009//773
f 1020//772 1009//773 1021//772
f 1022//774 1008//774 1010//774
f 1022//774 1010//774 1020//774
f 1023//775 1007//775 1008//775
f 1023//775 1008//775 1022//775
f 1005//776 1007//776 1023//776
f 1005//776 1023//776 1024//776
f 1004//777 1005//777 1024//777
f 1004//777 1024//777 1025//777
f 999//778 1004//778 1025//778
f 999//778 1025//778 1026//778
f 998//779 999//779 1026//779
f 998//779 1026//779 1027//779
f 995//780 998//780 1027//780
f 995//780 1027//780 1028//780
f 992//781 995//781 1028//781
f 992//781 1028//781 1029//781
f 991//782 992//782 1029//782
f 991//782 1029//782 1030//782
f 988//783 991//783 1030//783
f 988//783 1030//783 1031//783
f 987//784 988//784 1031//784
f 987//784 1031//784 1032//784
f 985//785 987//785 1032//785
f 985//785 1032//785 1033//785
f 984//786 985//786 1033//786
f 984//786 1033//786 1034//786
f 981//787 984//787 1034//787
f 981//787 1034//787 1035//787
f 980//788 981//788 1035//789
f 980//788 1035//789 1036//789
f 977//790 980//790 1036//791
f 977//790 1036//791 1037//791
f 976//792 977//792 1037//792
f 976//792 1037//792 1038//792
f 973//793 976//793 1038//793
f 973//793 1038//793 1039//793
f 1040//794 972//794 973//794
f 1040//794 973//794 1039//794
f 1041//795 969//795 972//795
f 1041//795 972//795 1040//795
f 1042//796 966//797 969//797
f 1042//796 969//797 1041//796
f 1043//798 965//798 966//798
f 1043//798 966//798 1042//798
f 1044//799 963//799 965//799
f 1044//799 965//799 1043//799
f 1045//800 962//800 963//800
f 1045//800 963//800 1044//800
f 1046//801 955//801 962//801
f 1046//801 962//801 1045//801
f 1047//802 951//802 955//802
f 1047//802 955//802 1046//802
f 1048//803 952//803 951//803
f 1048//803 951//803 1047//803
f 1049//804 953//804 952//804
f 1049//804 952//804 1048//804
f 1050//805 954//805 953//805
f 1050//805 953//805 1049//805
f 1051//806 1006//806 954//806
f 1051//806 954//806 1050//806
f 1021//807 1009//808 1006//808
f 1021//807 1006//808 1051//807
f 373//501 1052//501 1053//501
f 373//501 1053//501 369//501
f 574//504 393//504 392//504
f 392//504 1054//504 1052//504
f 1052//504 373//504 372//504
f 1052//504 372//504 566//504
f 574//504 392//504 1052//504
f 1052//504 566//504 574//504
f 1055//503 1054//503 392//503
f 1055//503 392//503 399//503
f 568//502 365//502 369//502
f 369//502 1053//502 1056//502
f 369//502 1056//502 1057//502
f 568//502 369//502 1057//502
f 1058//502 1059//502 1055//502
f 568//502 1057//502 1058//502
f 399//502 398//502 572//502
f 572//502 568//502 1058//502
f 1058//502 1055//502 399//502
f 572//502 1058//502 399//502
f 1060//396 1061//397 1062//396
f 1060//396 1062//396 1063//396
f 1064//397 1065//398 1066//396
f 1067//397 1064//397 1066//396
f 1060//396 1063//396 1068//397
f 1060//396 1068//397 1069//396
f 1070//396 1067//397 1066//396
f 1071//396 1070//396 1066//396
f 1066//396 1060//396 1069//396
f 1066//396 1069//396 1072//396
f 1073//396 1071//396 1066//396
f 1072//396 1073//396 1066//396
f 1074//403 1061//397 1060//396
f 1060//396 1056//396 1053//396
f 1055//396 1059//396 1038//396
f 1055//396 1038//396 1037//401
f 1074//403 1060//396 1053//396
f 1075//396 1074//403 1053//396
f 1055//396 1037//401 1036//404
f 1055//396 1036//404 1035//398
f 1076//396 1075//396 1053//396
f 1077//396 1076//396 1053//396
f 1055//396 1035//398 1034//396
f 1055//396 1034//396 1033//397
f 1078//396 1077//396 1053//396
f 1079//396 1078//396 1053//396
f 1055//396 1033//397 1032//397
f 1055//396 1032//397 1031//396
f 1080//396 1079//396 1053//396
f 1081//396 1080//396 1053//396
f 1055//396 1031//396 1030//398
f 1055//396 1030//398 1029//396
f 1082//396 1081//396 1053//396
f 1083//396 1082//396 1053//396
f 1054//396 1055//396 1029//396
f 1054//396 1029//396 1028//397
f 1083//396 1053//396 1052//396
f 1084//396 1083//396 1052//396
f 1054//396 1028//397 1027//396
f 1054//396 1027//396 1026//397
f 1085//396 1084//396 1052//396
f 1086//396 1085//396 1052//396
f 1054//396 1026//397 1025//396
f 1054//396 1025//396 1024//396
f 1087//396 1086//396 1052//396
f 1088//396 1087//396 1052//396
f 1054//396 1024//396 1023//396
f 1054//396 1023//396 1022//396
f 1089//396 1088//396 1052//396
f 1090//396 1089//396 1052//396
f 1054//396 1022//396 1020//404
f 1054//396 1020//404 1021//401
f 1091//396 1090//396 1052//396
f 1092//396 1091//396 1052//396
f 1054//396 1021//401 1051//400
f 1050//397 1049//398 1093//396
f 1054//396 1051//400 1050//397
f 1094//396 1092//396 1052//396
f 1066//396 1065//398 1094//396
f 1050//397 1093//396 1095//396
f 1066//396 1094//396 1052//396
f 1054//396 1050//397 1095//396
f 1095//396 1066//396 1052//396
f 1052//396 1054//396 1095//396
f 1093//396 1049//398 1048//397
f 1093//396 1048//397 1047//403
f 1039//403 1038//396 1059//396
f 1040//397 1039//403 1059//396
f 1093//396 1047//403 1046//397
f 1093//396 1046//397 1045//396
f 1041//396 1040//397 1059//396
f 1042//396 1041//396 1059//396
f 1059//396 1093//396 1045//396
f 1059//396 1045//396 1044//396
f 1043//397 1042//396 1059//396
f 1044//396 1043//397 1059//396
f 1060//501 1066//501 1003//501
f 958//501 957//501 1096//501
f 1060//501 1003//501 958//501
f 1096//501 1057//501 1056//501
f 1056//501 1060//501 958//501
f 958//501 1096//501 1056//501
f 1095//504 949//504 1003//504
f 1095//504 1003//504 1066//504
f 1059//503 1058//503 1097//503
f 950//503 949//503 1095//503
f 950//503 1095//503 1093//503
f 1059//503 1097//503 956//503
f 950//503 1093//503 1059//503
f 956//503 950//503 1059//503
f 956//502 1097//502 1096//502
f 956//502 1096//502 957//502
f 1096//766 1097//766 1058//766
f 1096//766 1058//766 1057//766
f 1094//773 1001//773 1000//773
f 1094//773 1000//773 1092//773
f 1065//809 1002//774 1001//774
f 1065//809 1001//774 1094//809
f 1064//775 1012//775 1002//775
f 1064//775 1002//775 1065//775
f 1013//776 1012//776 1064//776
f 1013//776 1064//776 1067//776
f 1016//777 1013//777 1067//777
f 1016//777 1067//777 1070//777
f 1017//778 1016//778 1070//778
f 1017//778 1070//778 1071//778
f 1019//779 1017//779 1071//779
f 1019//779 1071//779 1073//779
f 1018//780 1019//780 1073//780
f 1018//780 1073//780 1072//780
f 1015//781 1018//781 1072//781
f 1015//781 1072//781 1069//781
f 1014//782 1015//782 1069//782
f 1014//782 1069//782 1068//782
f 1011//783 1014//783 1068//783
f 1011//783 1068//783 1063//783
f 1062//784 960//784 959//784
f 959//784 1011//784 1063//784
f 959//784 1063//784 1062//784
f 961//785 960//785 1062//785
f 961//785 1062//785 1061//785
f 964//810 961//810 1061//810
f 964//810 1061//810 1074//810
f 967//787 964//787 1074//787
f 967//787 1074//787 1075//787
f 968//788 967//788 1075//789
f 968//788 1075//789 1076//789
f 970//790 968//790 1076//791
f 970//790 1076//791 1077//791
f 971//811 970//811 1077//792
f 971//811 1077//792 1078//792
f 974//793 971//793 1078//793
f 974//793 1078//793 1079//793
f 1080//794 975//794 974//794
f 1080//794 974//794 1079//794
f 1081//795 978//795 975//795
f 1081//795 975//795 1080//795
f 1082//796 979//796 978//796
f 1082//796 978//796 1081//796
f 1083//798 982//798 979//798
f 1083//798 979//798 1082//798
f 1084//799 983//799 982//799
f 1084//799 982//799 1083//799
f 1085//800 986//800 983//800
f 1085//800 983//800 1084//800
f 1086//801 989//801 986//801
f 1086//801 986//801 1085//801
f 1087//802 990//802 989//802
f 1087//802 989//802 1086//802
f 1088//803 993//803 990//803
f 1088//803 990//803 1087//803
f 1089//804 994//804 993//804
f 1089//804 993//804 1088//804
f 1090//805 996//805 994//805
f 1090//805 994//805 1089//805
f 1091//806 997//806 996//806
f 1091//806 996//806 1090//806
f 1092//807 1000//807 997//807
f 1092//807 997//807 1091//807
